server time,value,UM,board time,latitude,longitude
2022-06-29 10:18:33.850,69,,2022-06-29 10:18:33.783,,
2022-06-29 10:19:35.840,88,,2022-06-29 10:19:35.767,,
2022-06-29 10:20:37.603,105,,2022-06-29 10:20:37.537,,
2022-06-29 10:21:39.353,118,,2022-06-29 10:21:39.287,,
2022-06-29 10:22:41.410,130,,2022-06-29 10:22:40.973,,
2022-06-29 10:23:43.127,142,,2022-06-29 10:23:43.063,,
2022-06-29 10:24:45.470,152,,2022-06-29 10:24:44.987,,
2022-06-29 10:25:46.977,162,,2022-06-29 10:25:46.910,,
2022-06-29 10:26:48.740,172,,2022-06-29 10:26:48.647,,
2022-06-29 10:27:50.617,180,,2022-06-29 10:27:50.553,,
2022-06-29 10:28:53.427,188,,2022-06-29 10:28:52.977,,
2022-06-29 10:29:55.200,193,,2022-06-29 10:29:55.143,,
2022-06-29 10:30:57.567,197,,2022-06-29 10:30:56.987,,
2022-06-29 10:31:59.647,200,,2022-06-29 10:31:59.597,,
2022-06-29 10:33:01.357,200,,2022-06-29 10:33:01.287,,
2022-06-29 10:34:03.203,201,,2022-06-29 10:34:03.143,,
2022-06-29 10:35:05.170,201,,2022-06-29 10:35:05.083,,
2022-06-29 10:36:07.210,201,,2022-06-29 10:36:06.973,,
2022-06-29 10:37:08.747,200,,2022-06-29 10:37:08.710,,
2022-06-29 10:38:10.713,201,,2022-06-29 10:38:10.630,,
2022-06-29 10:39:12.600,200,,2022-06-29 10:39:12.537,,
2022-06-29 10:40:15.523,200,,2022-06-29 10:40:15.457,,
2022-06-29 10:41:17.273,194,,2022-06-29 10:41:17.197,,
2022-06-29 10:42:19.257,178,,2022-06-29 10:42:19.177,,
2022-06-29 10:43:21.237,166,,2022-06-29 10:43:21.170,,
2022-06-29 10:44:23.937,157,,2022-06-29 10:44:23.873,,
2022-06-29 10:45:25.660,151,,2022-06-29 10:45:25.593,,
2022-06-29 10:46:27.533,145,,2022-06-29 10:46:27.467,,
2022-06-29 10:47:29.317,140,,2022-06-29 10:47:29.250,,
2022-06-29 10:48:31.207,136,,2022-06-29 10:48:31.143,,
2022-06-29 10:49:32.943,132,,2022-06-29 10:49:32.877,,
2022-06-29 10:50:35.497,129,,2022-06-29 10:50:34.983,,
2022-06-29 10:51:36.910,125,,2022-06-29 10:51:36.843,,
2022-06-29 10:52:38.627,122,,2022-06-29 10:52:38.563,,
2022-06-29 10:53:40.310,119,,2022-06-29 10:53:40.250,,
2022-06-29 10:54:42.917,116,,2022-06-29 10:54:42.030,,
2022-06-29 10:55:43.817,114,,2022-06-29 10:55:43.750,,
2022-06-29 10:56:45.707,111,,2022-06-29 10:56:45.627,,
2022-06-29 10:57:47.537,109,,2022-06-29 10:57:47.477,,
2022-06-29 10:58:49.307,107,,2022-06-29 10:58:49.243,,
2022-06-29 10:59:51.110,105,,2022-06-29 10:59:51.037,,
2022-06-29 11:00:52.997,103,,2022-06-29 11:00:52.947,,
2022-06-29 11:01:54.987,101,,2022-06-29 11:01:54.917,,
2022-06-29 11:02:57.823,100,,2022-06-29 11:02:57.587,,
2022-06-29 11:04:01.790,98,,2022-06-29 11:04:01.727,,
2022-06-29 11:05:06.000,98,,2022-06-29 11:05:05.933,,
2022-06-29 11:06:09.187,98,,2022-06-29 11:06:09.103,,
2022-06-29 11:07:13.180,98,,2022-06-29 11:07:13.113,,
2022-06-29 11:08:15.847,99,,2022-06-29 11:08:15.800,,
2022-06-29 11:09:18.320,99,,2022-06-29 11:09:18.253,,
2022-06-29 11:10:20.353,99,,2022-06-29 11:10:20.300,,
2022-06-29 11:11:22.257,99,,2022-06-29 11:11:22.097,,
2022-06-29 11:12:23.993,99,,2022-06-29 11:12:23.927,,
2022-06-29 11:13:26.633,99,,2022-06-29 11:13:26.567,,
2022-06-29 11:14:28.507,99,,2022-06-29 11:14:28.443,,
2022-06-29 11:15:30.320,99,,2022-06-29 11:15:30.270,,
2022-06-29 11:16:32.420,99,,2022-06-29 11:16:31.957,,
2022-06-29 11:17:33.853,99,,2022-06-29 11:17:33.783,,
2022-06-29 11:18:35.567,99,,2022-06-29 11:18:35.503,,
2022-06-29 11:19:37.490,99,,2022-06-29 11:19:37.427,,
2022-06-29 11:20:39.307,99,,2022-06-29 11:20:39.237,,
2022-06-29 11:21:41.157,99,,2022-06-29 11:21:41.097,,
2022-06-29 11:22:43.387,99,,2022-06-29 11:22:43.333,,
2022-06-29 11:23:45.230,100,,2022-06-29 11:23:45.177,,
2022-06-29 11:24:47.133,100,,2022-06-29 11:24:47.083,,
2022-06-29 11:25:48.850,100,,2022-06-29 11:25:48.793,,
2022-06-29 11:26:50.970,100,,2022-06-29 11:26:50.903,,
2022-06-29 11:27:53.460,100,,2022-06-29 11:27:52.983,,
2022-06-29 11:28:54.807,100,,2022-06-29 11:28:54.743,,
2022-06-29 11:29:56.517,100,,2022-06-29 11:29:56.447,,
2022-06-29 11:30:58.240,100,,2022-06-29 11:30:58.180,,
2022-06-29 11:32:00.563,100,,2022-06-29 11:32:00.507,,
2022-06-29 11:33:02.787,100,,2022-06-29 11:33:02.727,,
2022-06-29 11:34:04.670,100,,2022-06-29 11:34:04.617,,
2022-06-29 11:35:06.403,100,,2022-06-29 11:35:06.337,,
2022-06-29 11:36:08.710,99,,2022-06-29 11:36:08.647,,
2022-06-29 11:37:10.820,100,,2022-06-29 11:37:10.757,,
2022-06-29 11:38:12.587,99,,2022-06-29 11:38:12.477,,
2022-06-29 11:39:14.443,100,,2022-06-29 11:39:14.383,,
2022-06-29 11:40:16.307,100,,2022-06-29 11:40:16.243,,
2022-06-29 11:41:18.290,98,,2022-06-29 11:41:18.227,,
2022-06-29 11:42:20.110,93,,2022-06-29 11:42:20.040,,
2022-06-29 11:43:22.987,90,,2022-06-29 11:43:22.037,,
2022-06-29 11:44:23.917,88,,2022-06-29 11:44:23.853,,
2022-06-29 11:45:25.760,86,,2022-06-29 11:45:25.697,,
2022-06-29 11:46:27.933,84,,2022-06-29 11:46:27.877,,
2022-06-29 11:47:29.653,82,,2022-06-29 11:47:29.597,,
2022-06-29 11:48:31.597,81,,2022-06-29 11:48:31.537,,
2022-06-29 11:49:33.307,80,,2022-06-29 11:49:33.240,,
2022-06-29 11:50:36.607,78,,2022-06-29 11:50:36.413,,
2022-06-29 11:51:38.380,77,,2022-06-29 11:51:38.333,,
2022-06-29 11:52:40.410,76,,2022-06-29 11:52:40.337,,
2022-06-29 11:53:42.247,75,,2022-06-29 11:53:42.190,,
2022-06-29 11:54:44.140,74,,2022-06-29 11:54:44.083,,
2022-06-29 11:55:46.217,73,,2022-06-29 11:55:45.927,,
2022-06-29 11:56:47.770,72,,2022-06-29 11:56:47.707,,
2022-06-29 11:57:49.687,71,,2022-06-29 11:57:49.637,,
2022-06-29 11:58:52.157,70,,2022-06-29 11:58:52.090,,
2022-06-29 11:59:53.897,69,,2022-06-29 11:59:53.837,,
2022-06-29 12:00:56.257,68,,2022-06-29 12:00:56.190,,
2022-06-29 12:01:58.387,68,,2022-06-29 12:01:58.343,,
2022-06-29 12:03:01.327,67,,2022-06-29 12:03:01.277,,
2022-06-29 12:04:05.227,66,,2022-06-29 12:04:05.163,,
2022-06-29 12:05:08.887,66,,2022-06-29 12:05:08.807,,
2022-06-29 12:06:13.400,65,,2022-06-29 12:06:13.333,,
2022-06-29 12:07:17.847,64,,2022-06-29 12:07:17.033,,
2022-06-29 12:08:21.523,64,,2022-06-29 12:08:21.473,,
2022-06-29 12:09:23.917,63,,2022-06-29 12:09:23.863,,
2022-06-29 12:10:25.707,62,,2022-06-29 12:10:25.630,,
2022-06-29 12:11:27.433,62,,2022-06-29 12:11:27.367,,
2022-06-29 12:12:29.960,61,,2022-06-29 12:12:29.037,,
2022-06-29 12:13:31.597,61,,2022-06-29 12:13:31.523,,
2022-06-29 12:14:33.990,60,,2022-06-29 12:14:33.913,,
2022-06-29 12:15:36.373,60,,2022-06-29 12:15:36.307,,
2022-06-29 12:16:40.537,59,,2022-06-29 12:16:40.493,,
2022-06-29 12:17:42.577,59,,2022-06-29 12:17:42.507,,
2022-06-29 12:18:44.617,58,,2022-06-29 12:18:44.537,,
2022-06-29 12:19:46.637,58,,2022-06-29 12:19:46.553,,
2022-06-29 12:20:48.313,58,,2022-06-29 12:20:48.240,,
2022-06-29 12:21:50.233,57,,2022-06-29 12:21:50.180,,
2022-06-29 12:22:52.967,57,,2022-06-29 12:22:52.030,,
2022-06-29 12:23:53.937,56,,2022-06-29 12:23:53.867,,
2022-06-29 12:24:56.120,56,,2022-06-29 12:24:56.080,,
2022-06-29 12:25:58.610,56,,2022-06-29 12:25:57.993,,
2022-06-29 12:26:59.860,55,,2022-06-29 12:26:59.783,,
2022-06-29 12:28:01.887,55,,2022-06-29 12:28:01.820,,
2022-06-29 12:29:03.790,54,,2022-06-29 12:29:03.737,,
2022-06-29 12:30:06.257,54,,2022-06-29 12:30:06.207,,
2022-06-29 12:31:09.123,54,,2022-06-29 12:31:09.067,,
2022-06-29 12:32:11.797,53,,2022-06-29 12:32:11.757,,
2022-06-29 12:33:13.713,53,,2022-06-29 12:33:13.640,,
2022-06-29 12:34:15.440,53,,2022-06-29 12:34:15.400,,
2022-06-29 12:35:17.833,52,,2022-06-29 12:35:17.773,,
2022-06-29 12:36:20.320,52,,2022-06-29 12:36:20.253,,
2022-06-29 12:37:22.520,52,,2022-06-29 12:37:22.453,,
2022-06-29 12:38:24.323,52,,2022-06-29 12:38:24.250,,
2022-06-29 12:39:26.807,51,,2022-06-29 12:39:26.017,,
2022-06-29 12:40:27.923,51,,2022-06-29 12:40:27.877,,
2022-06-29 12:41:31.237,51,,2022-06-29 12:41:31.127,,
2022-06-29 12:42:33.113,50,,2022-06-29 12:42:33.030,,
2022-06-29 12:43:34.863,50,,2022-06-29 12:43:34.813,,
2022-06-29 12:44:36.860,50,,2022-06-29 12:44:36.733,,
2022-06-29 12:45:38.793,50,,2022-06-29 12:45:38.717,,
2022-06-29 12:46:40.720,49,,2022-06-29 12:46:40.673,,
2022-06-29 12:47:42.410,49,,2022-06-29 12:47:42.360,,
2022-06-29 12:48:44.167,49,,2022-06-29 12:48:44.110,,
2022-06-29 12:49:45.990,49,,2022-06-29 12:49:45.893,,
2022-06-29 12:50:47.787,49,,2022-06-29 12:50:47.720,,
2022-06-29 12:51:49.570,48,,2022-06-29 12:51:49.520,,
2022-06-29 12:52:51.270,48,,2022-06-29 12:52:51.207,,
2022-06-29 12:53:53.120,48,,2022-06-29 12:53:53.070,,
2022-06-29 12:54:54.807,48,,2022-06-29 12:54:54.757,,
2022-06-29 12:55:56.580,47,,2022-06-29 12:55:56.523,,
2022-06-29 12:56:58.750,47,,2022-06-29 12:56:58.680,,
2022-06-29 12:58:00.540,47,,2022-06-29 12:58:00.487,,
2022-06-29 12:59:02.323,47,,2022-06-29 12:59:02.270,,
2022-06-29 13:00:04.903,47,,2022-06-29 13:00:04.833,,
2022-06-29 13:01:06.993,46,,2022-06-29 13:01:06.927,,
2022-06-29 13:02:08.860,46,,2022-06-29 13:02:08.803,,
2022-06-29 13:03:10.663,46,,2022-06-29 13:03:10.600,,
2022-06-29 13:04:13.340,46,,2022-06-29 13:04:13.287,,
2022-06-29 13:05:15.753,46,,2022-06-29 13:05:15.697,,
2022-06-29 13:06:19.877,46,,2022-06-29 13:06:17.973,,
2022-06-29 13:07:23.357,45,,2022-06-29 13:07:23.303,,
2022-06-29 13:08:25.837,45,,2022-06-29 13:08:25.773,,
2022-06-29 13:09:27.663,45,,2022-06-29 13:09:27.553,,
2022-06-29 13:10:29.393,45,,2022-06-29 13:10:29.333,,
2022-06-29 13:11:31.490,45,,2022-06-29 13:11:31.430,,
2022-06-29 13:12:33.283,45,,2022-06-29 13:12:33.227,,
2022-06-29 13:13:35.590,45,,2022-06-29 13:13:35.527,,
2022-06-29 13:14:38.347,44,,2022-06-29 13:14:38.290,,
2022-06-29 13:15:40.543,44,,2022-06-29 13:15:40.477,,
2022-06-29 13:16:42.333,44,,2022-06-29 13:16:42.277,,
2022-06-29 13:17:44.407,44,,2022-06-29 13:17:43.993,,
2022-06-29 13:18:46.127,44,,2022-06-29 13:18:46.073,,
2022-06-29 13:19:48.340,44,,2022-06-29 13:19:47.980,,
2022-06-29 13:20:49.837,44,,2022-06-29 13:20:49.777,,
2022-06-29 13:21:51.687,44,,2022-06-29 13:21:51.590,,
2022-06-29 13:22:54.453,43,,2022-06-29 13:22:54.403,,
2022-06-29 13:23:56.213,43,,2022-06-29 13:23:56.137,,
2022-06-29 13:24:58.157,43,,2022-06-29 13:24:58.090,,
2022-06-29 13:26:00.720,43,,2022-06-29 13:25:59.997,,
2022-06-29 13:27:01.977,43,,2022-06-29 13:27:01.910,,
2022-06-29 13:28:05.660,43,,2022-06-29 13:28:05.613,,
2022-06-29 13:29:07.397,43,,2022-06-29 13:29:07.347,,
2022-06-29 13:30:09.220,43,,2022-06-29 13:30:09.177,,
2022-06-29 13:31:10.987,43,,2022-06-29 13:31:10.927,,
2022-06-29 13:32:12.810,42,,2022-06-29 13:32:12.753,,
2022-06-29 13:33:15.887,42,,2022-06-29 13:33:15.833,,
2022-06-29 13:34:17.667,42,,2022-06-29 13:34:17.597,,
2022-06-29 13:35:19.557,42,,2022-06-29 13:35:19.507,,
2022-06-29 13:36:21.477,42,,2022-06-29 13:36:21.397,,
2022-06-29 13:37:23.400,42,,2022-06-29 13:37:23.333,,
2022-06-29 13:38:25.260,42,,2022-06-29 13:38:25.210,,
2022-06-29 13:39:27.177,42,,2022-06-29 13:39:27.100,,
2022-06-29 13:40:29.260,42,,2022-06-29 13:40:29.210,,
2022-06-29 13:41:31.393,41,,2022-06-29 13:41:31.350,,
2022-06-29 13:42:33.250,41,,2022-06-29 13:42:33.197,,
2022-06-29 13:43:34.983,41,,2022-06-29 13:43:34.913,,
2022-06-29 13:44:36.807,41,,2022-06-29 13:44:36.757,,
2022-06-29 13:45:38.737,41,,2022-06-29 13:45:38.663,,
2022-06-29 13:46:40.593,41,,2022-06-29 13:46:40.523,,
2022-06-29 13:47:42.313,41,,2022-06-29 13:47:42.273,,
2022-06-29 13:48:44.883,41,,2022-06-29 13:48:44.023,,
2022-06-29 13:49:45.837,40,,2022-06-29 13:49:45.790,,
2022-06-29 13:50:47.840,40,,2022-06-29 13:50:47.773,,
2022-06-29 13:51:49.683,40,,2022-06-29 13:51:49.603,,
2022-06-29 13:52:51.607,40,,2022-06-29 13:52:51.523,,
2022-06-29 13:53:53.270,40,,2022-06-29 13:53:53.217,,
2022-06-29 13:54:55.277,40,,2022-06-29 13:54:55.217,,
2022-06-29 13:55:57.157,40,,2022-06-29 13:55:57.077,,
2022-06-29 13:56:58.940,40,,2022-06-29 13:56:58.887,,
2022-06-29 13:58:00.693,40,,2022-06-29 13:58:00.643,,
2022-06-29 13:59:02.397,40,,2022-06-29 13:59:02.330,,
2022-06-29 14:00:04.787,40,,2022-06-29 14:00:04.737,,
2022-06-29 14:01:06.597,40,,2022-06-29 14:01:06.550,,
2022-06-29 14:02:08.693,40,,2022-06-29 14:02:08.643,,
2022-06-29 14:03:10.707,39,,2022-06-29 14:03:10.660,,
2022-06-29 14:04:13.330,39,,2022-06-29 14:04:13.267,,
2022-06-29 14:05:15.870,39,,2022-06-29 14:05:15.817,,
2022-06-29 14:06:18.980,39,,2022-06-29 14:06:18.900,,
2022-06-29 14:07:24.923,39,,2022-06-29 14:07:24.870,,
2022-06-29 14:08:29.297,39,,2022-06-29 14:08:28.980,,
2022-06-29 14:09:31.347,39,,2022-06-29 14:09:31.167,,
2022-06-29 14:10:33.530,39,,2022-06-29 14:10:33.450,,
2022-06-29 14:11:35.273,39,,2022-06-29 14:11:35.217,,
2022-06-29 14:12:37.933,39,,2022-06-29 14:12:37.047,,
2022-06-29 14:13:40.727,39,,2022-06-29 14:13:40.683,,
2022-06-29 14:14:42.677,39,,2022-06-29 14:14:42.623,,
2022-06-29 14:15:44.710,39,,2022-06-29 14:15:44.663,,
2022-06-29 14:16:46.423,38,,2022-06-29 14:16:46.380,,
2022-06-29 14:17:48.350,38,,2022-06-29 14:17:48.300,,
2022-06-29 14:18:50.263,38,,2022-06-29 14:18:50.213,,
2022-06-29 14:19:52.353,38,,2022-06-29 14:19:52.293,,
2022-06-29 14:20:54.503,38,,2022-06-29 14:20:54.000,,
2022-06-29 14:21:55.860,38,,2022-06-29 14:21:55.820,,
2022-06-29 14:22:57.693,38,,2022-06-29 14:22:57.647,,
2022-06-29 14:23:59.553,38,,2022-06-29 14:23:59.503,,
2022-06-29 14:25:01.823,39,,2022-06-29 14:25:01.767,,
2022-06-29 14:26:03.737,61,,2022-06-29 14:26:03.690,,
2022-06-29 14:27:05.717,82,,2022-06-29 14:27:05.663,,
2022-06-29 14:28:08.487,98,,2022-06-29 14:28:08.433,,
2022-06-29 14:29:10.260,113,,2022-06-29 14:29:10.200,,
2022-06-29 14:30:11.983,125,,2022-06-29 14:30:11.927,,
2022-06-29 14:31:13.837,137,,2022-06-29 14:31:13.767,,
2022-06-29 14:32:15.587,147,,2022-06-29 14:32:15.527,,
2022-06-29 14:33:17.417,157,,2022-06-29 14:33:17.357,,
2022-06-29 14:34:19.180,167,,2022-06-29 14:34:19.130,,
2022-06-29 14:35:20.903,175,,2022-06-29 14:35:20.797,,
2022-06-29 14:36:22.620,183,,2022-06-29 14:36:22.567,,
2022-06-29 14:37:24.823,190,,2022-06-29 14:37:24.757,,
2022-06-29 14:38:26.573,194,,2022-06-29 14:38:26.517,,
2022-06-29 14:39:29.167,198,,2022-06-29 14:39:29.103,,
2022-06-29 14:40:32.483,200,,2022-06-29 14:40:32.433,,
2022-06-29 14:41:34.260,201,,2022-06-29 14:41:34.217,,
2022-06-29 14:42:36.173,201,,2022-06-29 14:42:36.117,,
2022-06-29 14:43:37.903,201,,2022-06-29 14:43:37.840,,
2022-06-29 14:44:39.660,201,,2022-06-29 14:44:39.587,,
2022-06-29 14:45:41.537,201,,2022-06-29 14:45:41.480,,
2022-06-29 14:46:43.560,200,,2022-06-29 14:46:43.507,,
2022-06-29 14:47:45.433,200,,2022-06-29 14:47:45.387,,
2022-06-29 14:48:47.153,200,,2022-06-29 14:48:47.107,,
2022-06-29 14:49:48.957,200,,2022-06-29 14:49:48.897,,
2022-06-29 14:50:50.673,200,,2022-06-29 14:50:50.590,,
2022-06-29 14:51:52.457,200,,2022-06-29 14:51:52.410,,
2022-06-29 14:52:55.273,200,,2022-06-29 14:52:54.980,,
2022-06-29 14:53:57.177,200,,2022-06-29 14:53:57.097,,
2022-06-29 14:54:58.930,200,,2022-06-29 14:54:58.873,,
2022-06-29 14:56:01.150,200,,2022-06-29 14:56:01.077,,
2022-06-29 14:57:02.870,200,,2022-06-29 14:57:02.810,,
2022-06-29 14:58:04.797,199,,2022-06-29 14:58:04.730,,
2022-06-29 14:59:06.527,200,,2022-06-29 14:59:06.460,,
2022-06-29 15:00:08.233,200,,2022-06-29 15:00:08.190,,
2022-06-29 15:01:10.227,200,,2022-06-29 15:01:10.177,,
2022-06-29 15:02:13.540,200,,2022-06-29 15:02:13.480,,
2022-06-29 15:03:17.883,199,,2022-06-29 15:03:17.837,,
2022-06-29 15:04:20.170,200,,2022-06-29 15:04:20.123,,
2022-06-29 15:05:23.457,200,,2022-06-29 15:05:23.407,,
2022-06-29 15:06:26.477,200,,2022-06-29 15:06:26.420,,
2022-06-29 15:07:30.440,200,,2022-06-29 15:07:30.393,,
2022-06-29 15:08:32.897,199,,2022-06-29 15:08:32.843,,
2022-06-29 15:09:35.357,200,,2022-06-29 15:09:35.303,,
2022-06-29 15:10:37.237,200,,2022-06-29 15:10:37.137,,
2022-06-29 15:11:39.677,200,,2022-06-29 15:11:39.027,,
2022-06-29 15:12:41.287,200,,2022-06-29 15:12:40.970,,
2022-06-29 15:13:43.597,199,,2022-06-29 15:13:43.550,,
2022-06-29 15:14:45.727,200,,2022-06-29 15:14:45.657,,
2022-06-29 15:15:47.477,200,,2022-06-29 15:15:47.390,,
2022-06-29 15:16:49.207,200,,2022-06-29 15:16:49.147,,
2022-06-29 15:17:51.230,200,,2022-06-29 15:17:50.970,,
2022-06-29 15:18:52.760,200,,2022-06-29 15:18:52.710,,
2022-06-29 15:19:55.383,199,,2022-06-29 15:19:55.320,,
2022-06-29 15:20:57.183,200,,2022-06-29 15:20:57.110,,
2022-06-29 15:21:58.950,200,,2022-06-29 15:21:58.897,,
2022-06-29 15:23:00.830,187,,2022-06-29 15:23:00.763,,
2022-06-29 15:24:02.663,174,,2022-06-29 15:24:02.590,,
2022-06-29 15:25:04.913,165,,2022-06-29 15:25:04.853,,
2022-06-29 15:26:06.670,158,,2022-06-29 15:26:06.633,,
2022-06-29 15:27:08.697,152,,2022-06-29 15:27:08.653,,
2022-06-29 15:28:10.620,147,,2022-06-29 15:28:10.570,,
2022-06-29 15:29:12.593,143,,2022-06-29 15:29:12.540,,
2022-06-29 15:30:16.317,139,,2022-06-29 15:30:14.277,,
2022-06-29 15:31:18.810,135,,2022-06-29 15:31:18.763,,
2022-06-29 15:32:20.640,132,,2022-06-29 15:32:20.603,,
2022-06-29 15:33:22.417,129,,2022-06-29 15:33:22.367,,
2022-06-29 15:34:24.303,126,,2022-06-29 15:34:24.253,,
2022-06-29 15:35:26.433,123,,2022-06-29 15:35:26.393,,
2022-06-29 15:36:28.127,120,,2022-06-29 15:36:28.070,,
2022-06-29 15:37:29.940,118,,2022-06-29 15:37:29.897,,
2022-06-29 15:38:31.747,115,,2022-06-29 15:38:31.700,,
2022-06-29 15:39:34.180,113,,2022-06-29 15:39:34.137,,
2022-06-29 15:40:36.587,111,,2022-06-29 15:40:36.523,,
2022-06-29 15:41:38.370,109,,2022-06-29 15:41:38.300,,
2022-06-29 15:42:40.743,107,,2022-06-29 15:42:40.647,,
2022-06-29 15:43:42.650,105,,2022-06-29 15:43:42.597,,
2022-06-29 15:44:44.353,103,,2022-06-29 15:44:44.307,,
2022-06-29 15:45:46.177,101,,2022-06-29 15:45:46.110,,
2022-06-29 15:46:47.887,100,,2022-06-29 15:46:47.833,,
2022-06-29 15:47:49.613,98,,2022-06-29 15:47:49.560,,
2022-06-29 15:48:51.667,98,,2022-06-29 15:48:51.607,,
2022-06-29 15:49:53.473,98,,2022-06-29 15:49:53.383,,
2022-06-29 15:50:55.453,98,,2022-06-29 15:50:55.407,,
2022-06-29 15:51:57.303,99,,2022-06-29 15:51:57.250,,
2022-06-29 15:52:59.493,99,,2022-06-29 15:52:58.977,,
2022-06-29 15:54:00.797,99,,2022-06-29 15:54:00.747,,
2022-06-29 15:55:02.960,99,,2022-06-29 15:55:02.867,,
2022-06-29 15:56:04.660,99,,2022-06-29 15:56:04.607,,
2022-06-29 15:57:06.433,99,,2022-06-29 15:57:06.377,,
2022-06-29 15:58:08.287,99,,2022-06-29 15:58:08.233,,
2022-06-29 15:59:10.457,99,,2022-06-29 15:59:10.000,,
2022-06-29 16:00:11.877,99,,2022-06-29 16:00:11.823,,
2022-06-29 16:01:14.467,99,,2022-06-29 16:01:14.423,,
2022-06-29 16:02:16.227,99,,2022-06-29 16:02:16.177,,
2022-06-29 16:03:19.567,99,,2022-06-29 16:03:19.507,,
2022-06-29 16:04:21.937,99,,2022-06-29 16:04:21.887,,
2022-06-29 16:05:24.867,99,,2022-06-29 16:05:24.737,,
2022-06-29 16:06:28.727,99,,2022-06-29 16:06:28.670,,
2022-06-29 16:07:31.153,100,,2022-06-29 16:07:31.103,,
2022-06-29 16:08:34.197,100,,2022-06-29 16:08:34.153,,
2022-06-29 16:09:35.913,100,,2022-06-29 16:09:35.847,,
2022-06-29 16:10:37.637,99,,2022-06-29 16:10:37.590,,
2022-06-29 16:11:39.947,99,,2022-06-29 16:11:39.863,,
2022-06-29 16:12:42.557,100,,2022-06-29 16:12:42.510,,
2022-06-29 16:13:46.537,99,,2022-06-29 16:13:46.477,,
2022-06-29 16:14:48.510,100,,2022-06-29 16:14:48.457,,
2022-06-29 16:15:50.367,100,,2022-06-29 16:15:50.313,,
2022-06-29 16:16:52.167,99,,2022-06-29 16:16:52.113,,
2022-06-29 16:17:53.970,99,,2022-06-29 16:17:53.907,,
2022-06-29 16:18:55.937,99,,2022-06-29 16:18:55.883,,
2022-06-29 16:19:58.757,100,,2022-06-29 16:19:57.977,,
2022-06-29 16:20:59.827,99,,2022-06-29 16:20:59.770,,
2022-06-29 16:22:01.647,99,,2022-06-29 16:22:01.597,,
2022-06-29 16:23:03.587,95,,2022-06-29 16:23:03.530,,
2022-06-29 16:24:05.443,92,,2022-06-29 16:24:05.377,,
2022-06-29 16:25:07.543,89,,2022-06-29 16:25:07.500,,
2022-06-29 16:26:09.247,87,,2022-06-29 16:26:09.197,,
2022-06-29 16:27:11.443,85,,2022-06-29 16:27:10.987,,
2022-06-29 16:28:13.373,83,,2022-06-29 16:28:12.990,,
2022-06-29 16:29:15.220,82,,2022-06-29 16:29:15.173,,
2022-06-29 16:30:17.690,81,,2022-06-29 16:30:16.957,,
2022-06-29 16:31:18.923,80,,2022-06-29 16:31:18.877,,
2022-06-29 16:32:20.633,78,,2022-06-29 16:32:20.563,,
2022-06-29 16:33:22.520,77,,2022-06-29 16:33:22.480,,
2022-06-29 16:34:24.280,76,,2022-06-29 16:34:24.227,,
2022-06-29 16:35:26.117,75,,2022-06-29 16:35:26.070,,
2022-06-29 16:36:27.893,74,,2022-06-29 16:36:27.847,,
2022-06-29 16:37:29.803,73,,2022-06-29 16:37:29.757,,
2022-06-29 16:38:31.587,72,,2022-06-29 16:38:31.530,,
2022-06-29 16:39:33.337,71,,2022-06-29 16:39:33.287,,
2022-06-29 16:40:35.373,70,,2022-06-29 16:40:35.327,,
2022-06-29 16:41:37.980,70,,2022-06-29 16:41:37.043,,
2022-06-29 16:42:38.963,69,,2022-06-29 16:42:38.913,,
2022-06-29 16:43:41.163,68,,2022-06-29 16:43:41.110,,
2022-06-29 16:44:43.340,67,,2022-06-29 16:44:43.280,,
2022-06-29 16:45:45.113,67,,2022-06-29 16:45:45.057,,
2022-06-29 16:46:47.637,66,,2022-06-29 16:46:47.587,,
2022-06-29 16:47:49.383,65,,2022-06-29 16:47:49.343,,
2022-06-29 16:48:51.177,65,,2022-06-29 16:48:51.130,,
2022-06-29 16:49:52.873,64,,2022-06-29 16:49:52.813,,
2022-06-29 16:50:54.603,63,,2022-06-29 16:50:54.553,,
2022-06-29 16:51:56.397,63,,2022-06-29 16:51:56.340,,
2022-06-29 16:52:59.180,62,,2022-06-29 16:52:59.123,,
2022-06-29 16:54:01.220,61,,2022-06-29 16:54:01.050,,
2022-06-29 16:55:03.847,61,,2022-06-29 16:55:03.040,,
2022-06-29 16:56:04.920,60,,2022-06-29 16:56:04.807,,
2022-06-29 16:57:06.687,60,,2022-06-29 16:57:06.633,,
2022-06-29 16:58:08.387,59,,2022-06-29 16:58:08.337,,
2022-06-29 16:59:10.547,59,,2022-06-29 16:59:10.457,,
2022-06-29 17:00:12.513,58,,2022-06-29 17:00:12.417,,
2022-06-29 17:01:14.573,58,,2022-06-29 17:01:14.523,,
2022-06-29 17:02:16.407,57,,2022-06-29 17:02:16.357,,
2022-06-29 17:03:19.190,57,,2022-06-29 17:03:19.143,,
2022-06-29 17:04:21.567,57,,2022-06-29 17:04:21.520,,
2022-06-29 17:05:24.213,56,,2022-06-29 17:05:24.163,,
2022-06-29 17:06:28.800,56,,2022-06-29 17:06:28.743,,
2022-06-29 17:07:31.280,55,,2022-06-29 17:07:31.227,,
2022-06-29 17:08:34.107,55,,2022-06-29 17:08:33.953,,
2022-06-29 17:09:35.810,55,,2022-06-29 17:09:35.750,,
2022-06-29 17:10:37.867,54,,2022-06-29 17:10:37.817,,
2022-06-29 17:11:39.690,54,,2022-06-29 17:11:39.630,,
2022-06-29 17:12:41.567,54,,2022-06-29 17:12:41.507,,
2022-06-29 17:13:43.843,53,,2022-06-29 17:13:43.797,,
2022-06-29 17:14:45.870,53,,2022-06-29 17:14:45.823,,
2022-06-29 17:15:47.727,52,,2022-06-29 17:15:47.623,,
2022-06-29 17:16:49.577,52,,2022-06-29 17:16:49.540,,
2022-06-29 17:17:51.297,52,,2022-06-29 17:17:51.250,,
2022-06-29 17:18:53.167,51,,2022-06-29 17:18:53.100,,
2022-06-29 17:19:54.923,51,,2022-06-29 17:19:54.867,,
2022-06-29 17:20:56.673,51,,2022-06-29 17:20:56.613,,
2022-06-29 17:21:58.423,50,,2022-06-29 17:21:58.357,,
2022-06-29 17:23:00.813,50,,2022-06-29 17:23:00.767,,
2022-06-29 17:24:02.570,50,,2022-06-29 17:24:02.533,,
2022-06-30 09:25:45.523,56,,2022-06-30 09:25:45.467,,
2022-06-30 09:26:47.677,77,,2022-06-30 09:26:47.627,,
2022-06-30 09:27:49.930,94,,2022-06-30 09:27:49.863,,
2022-06-30 09:28:51.803,109,,2022-06-30 09:28:51.753,,
2022-06-30 09:29:53.600,122,,2022-06-30 09:29:53.550,,
2022-06-30 09:30:55.867,133,,2022-06-30 09:30:55.780,,
2022-06-30 09:31:57.677,144,,2022-06-30 09:31:57.617,,
2022-06-30 09:32:59.453,155,,2022-06-30 09:32:59.357,,
2022-06-30 09:34:01.347,165,,2022-06-30 09:34:01.287,,
2022-06-30 09:35:03.687,174,,2022-06-30 09:35:03.620,,
2022-06-30 09:36:05.917,183,,2022-06-30 09:36:05.863,,
2022-06-30 09:37:07.747,190,,2022-06-30 09:37:07.667,,
2022-06-30 09:38:09.643,195,,2022-06-30 09:38:09.537,,
2022-06-30 09:39:11.873,198,,2022-06-30 09:39:11.827,,
2022-06-30 09:40:13.693,199,,2022-06-30 09:40:13.647,,
2022-06-30 09:41:15.453,200,,2022-06-30 09:41:15.387,,
2022-06-30 09:42:17.663,200,,2022-06-30 09:42:17.607,,
2022-06-30 09:43:19.467,200,,2022-06-30 09:43:19.403,,
2022-06-30 09:44:22.340,201,,2022-06-30 09:44:22.260,,
2022-06-30 09:45:24.287,200,,2022-06-30 09:45:24.223,,
2022-06-30 09:46:26.147,200,,2022-06-30 09:46:26.083,,
2022-06-30 09:47:27.923,200,,2022-06-30 09:47:27.877,,
2022-06-30 09:48:29.713,200,,2022-06-30 09:48:29.640,,
2022-06-30 09:49:32.467,188,,2022-06-30 09:49:31.977,,
2022-06-30 09:50:43.900,173,,2022-06-30 09:50:34.977,,
2022-06-30 09:51:48.717,161,,2022-06-30 09:51:48.667,,
2022-06-30 09:52:50.623,154,,2022-06-30 09:52:50.553,,
2022-06-30 09:53:52.477,148,,2022-06-30 09:53:52.407,,
2022-06-30 09:54:58.370,142,,2022-06-30 09:54:58.320,,
2022-06-30 09:56:04.547,138,,2022-06-30 09:56:04.497,,
2022-06-30 09:57:06.417,134,,2022-06-30 09:57:06.237,,
2022-06-30 09:58:08.990,130,,2022-06-30 09:58:08.923,,
2022-06-30 09:59:10.947,126,,2022-06-30 09:59:10.883,,
2022-06-30 10:00:12.943,123,,2022-06-30 10:00:12.893,,
2022-06-30 10:01:14.653,120,,2022-06-30 10:01:14.587,,
2022-06-30 10:02:16.807,117,,2022-06-30 10:02:16.743,,
2022-06-30 10:03:20.257,115,,2022-06-30 10:03:20.197,,
2022-06-30 10:04:22.703,112,,2022-06-30 10:04:22.640,,
2022-06-30 10:05:25.187,110,,2022-06-30 10:05:25.117,,
2022-06-30 10:06:27.590,108,,2022-06-30 10:06:27.527,,
2022-06-30 10:07:32.917,106,,2022-06-30 10:07:32.027,,
2022-06-30 10:08:34.483,103,,2022-06-30 10:08:34.417,,
2022-06-30 10:09:37.123,101,,2022-06-30 10:09:37.043,,
2022-06-30 10:10:39.123,100,,2022-06-30 10:10:39.043,,
2022-06-30 10:11:40.887,99,,2022-06-30 10:11:40.830,,
2022-06-30 10:12:42.753,99,,2022-06-30 10:12:42.673,,
2022-06-30 10:13:45.230,99,,2022-06-30 10:13:44.957,,
2022-06-30 10:14:46.827,99,,2022-06-30 10:14:46.763,,
2022-06-30 10:15:49.230,100,,2022-06-30 10:15:49.163,,
2022-06-30 10:16:51.227,119,,2022-06-30 10:16:50.957,,
2022-06-30 10:17:52.867,137,,2022-06-30 10:17:52.797,,
2022-06-30 10:18:54.753,152,,2022-06-30 10:18:54.670,,
2022-06-30 10:19:56.593,164,,2022-06-30 10:19:56.543,,
2022-06-30 10:20:58.550,174,,2022-06-30 10:20:58.503,,
2022-06-30 10:22:00.283,183,,2022-06-30 10:22:00.223,,
2022-06-30 10:23:02.307,190,,2022-06-30 10:23:02.223,,
2022-06-30 10:24:04.370,196,,2022-06-30 10:24:04.307,,
2022-06-30 10:25:06.637,200,,2022-06-30 10:25:06.583,,
2022-06-30 10:26:10.533,201,,2022-06-30 10:26:10.483,,
2022-06-30 10:27:12.523,201,,2022-06-30 10:27:12.460,,
2022-06-30 10:28:14.423,200,,2022-06-30 10:28:14.357,,
2022-06-30 10:29:16.537,200,,2022-06-30 10:29:16.473,,
2022-06-30 10:30:18.317,200,,2022-06-30 10:30:18.233,,
2022-06-30 10:31:20.253,200,,2022-06-30 10:31:19.973,,
2022-06-30 10:32:21.777,200,,2022-06-30 10:32:21.723,,
2022-06-30 10:33:23.537,200,,2022-06-30 10:33:23.470,,
2022-06-30 10:34:25.400,200,,2022-06-30 10:34:25.350,,
2022-06-30 10:35:27.167,200,,2022-06-30 10:35:27.107,,
2022-06-30 10:36:29.377,200,,2022-06-30 10:36:29.313,,
2022-06-30 10:37:31.217,200,,2022-06-30 10:37:31.177,,
2022-06-30 10:38:33.347,200,,2022-06-30 10:38:33.297,,
2022-06-30 10:39:35.160,200,,2022-06-30 10:39:35.080,,
2022-06-30 10:40:37.150,200,,2022-06-30 10:40:37.087,,
2022-06-30 10:41:39.737,201,,2022-06-30 10:41:39.673,,
2022-06-30 10:42:41.620,200,,2022-06-30 10:42:41.567,,
2022-06-30 10:43:43.703,199,,2022-06-30 10:43:43.647,,
2022-06-30 10:44:45.537,199,,2022-06-30 10:44:45.470,,
2022-06-30 10:45:47.303,199,,2022-06-30 10:45:47.237,,
2022-06-30 10:46:49.350,200,,2022-06-30 10:46:49.287,,
2022-06-30 10:47:51.177,200,,2022-06-30 10:47:51.097,,
2022-06-30 10:48:53.180,200,,2022-06-30 10:48:53.133,,
2022-06-30 10:49:55.260,201,,2022-06-30 10:49:54.977,,
2022-06-30 10:50:57.287,200,,2022-06-30 10:50:57.230,,
2022-06-30 10:51:59.227,200,,2022-06-30 10:51:59.147,,
2022-06-30 10:53:02.470,200,,2022-06-30 10:53:01.903,,
2022-06-30 10:54:04.163,200,,2022-06-30 10:54:04.113,,
2022-06-30 10:55:07.553,199,,2022-06-30 10:55:06.997,,
2022-06-30 10:56:08.810,200,,2022-06-30 10:56:08.743,,
2022-06-30 10:57:10.683,199,,2022-06-30 10:57:10.617,,
2022-06-30 10:58:12.580,200,,2022-06-30 10:58:12.520,,
2022-06-30 10:59:14.553,200,,2022-06-30 10:59:14.473,,
2022-06-30 11:00:16.260,198,,2022-06-30 11:00:16.200,,
2022-06-30 11:01:18.480,184,,2022-06-30 11:01:18.430,,
2022-06-30 11:02:20.543,173,,2022-06-30 11:02:20.480,,
2022-06-30 11:03:23.490,188,,2022-06-30 11:03:23.450,,
2022-06-30 11:04:25.847,202,,2022-06-30 11:04:25.780,,
2022-06-30 11:05:28.453,203,,2022-06-30 11:05:28.407,,
2022-06-30 11:06:30.790,203,,2022-06-30 11:06:30.727,,
2022-06-30 11:07:34.857,202,,2022-06-30 11:07:34.817,,
2022-06-30 11:08:37.893,201,,2022-06-30 11:08:37.837,,
2022-06-30 11:09:39.650,200,,2022-06-30 11:09:39.603,,
2022-06-30 11:10:41.513,200,,2022-06-30 11:10:41.400,,
2022-06-30 11:11:43.260,200,,2022-06-30 11:11:43.197,,
2022-06-30 11:12:45.237,200,,2022-06-30 11:12:45.177,,
2022-06-30 11:13:49.197,200,,2022-06-30 11:13:48.977,,
2022-06-30 11:14:51.410,192,,2022-06-30 11:14:50.933,,
2022-06-30 11:15:53.183,178,,2022-06-30 11:15:53.117,,
2022-06-30 11:16:54.890,168,,2022-06-30 11:16:54.837,,
2022-06-30 11:17:56.697,160,,2022-06-30 11:17:56.640,,
2022-06-30 11:18:58.520,154,,2022-06-30 11:18:58.453,,
2022-06-30 11:20:00.420,149,,2022-06-30 11:20:00.367,,
2022-06-30 11:21:02.310,145,,2022-06-30 11:21:02.263,,
2022-06-30 11:22:04.140,140,,2022-06-30 11:22:04.080,,
2022-06-30 11:23:06.333,136,,2022-06-30 11:23:05.957,,
2022-06-30 11:24:08.273,133,,2022-06-30 11:24:08.190,,
2022-06-30 11:25:12.497,130,,2022-06-30 11:25:10.337,,
2022-06-30 11:26:14.310,127,,2022-06-30 11:26:14.247,,
2022-06-30 11:27:17.843,124,,2022-06-30 11:27:17.017,,
2022-06-30 11:28:18.867,121,,2022-06-30 11:28:18.807,,
2022-06-30 11:29:20.750,118,,2022-06-30 11:29:20.697,,
2022-06-30 11:30:22.567,116,,2022-06-30 11:30:22.520,,
2022-06-30 11:31:24.403,114,,2022-06-30 11:31:24.340,,
2022-06-30 11:32:26.577,111,,2022-06-30 11:32:26.527,,
2022-06-30 11:33:28.460,109,,2022-06-30 11:33:28.410,,
2022-06-30 11:34:30.383,107,,2022-06-30 11:34:30.343,,
2022-06-30 11:35:32.217,105,,2022-06-30 11:35:32.140,,
2022-06-30 11:36:34.203,103,,2022-06-30 11:36:34.157,,
2022-06-30 11:37:35.980,101,,2022-06-30 11:37:35.910,,
2022-06-30 11:38:37.767,100,,2022-06-30 11:38:37.707,,
2022-06-30 11:39:39.597,98,,2022-06-30 11:39:39.517,,
2022-06-30 11:40:41.393,98,,2022-06-30 11:40:41.327,,
2022-06-30 11:41:43.447,98,,2022-06-30 11:41:43.403,,
2022-06-30 11:42:45.437,98,,2022-06-30 11:42:45.393,,
2022-06-30 11:43:47.343,99,,2022-06-30 11:43:47.280,,
2022-06-30 11:44:50.330,99,,2022-06-30 11:44:50.180,,
2022-06-30 11:45:52.353,99,,2022-06-30 11:45:52.300,,
2022-06-30 11:46:54.590,99,,2022-06-30 11:46:54.000,,
2022-06-30 11:47:57.710,99,,2022-06-30 11:47:57.630,,
2022-06-30 11:48:59.487,99,,2022-06-30 11:48:59.437,,
2022-06-30 11:50:01.763,98,,2022-06-30 11:50:01.717,,
2022-06-30 11:51:03.963,93,,2022-06-30 11:51:03.907,,
2022-06-30 11:52:05.647,90,,2022-06-30 11:52:05.597,,
2022-06-30 11:53:07.427,88,,2022-06-30 11:53:07.360,,
2022-06-30 11:54:09.460,86,,2022-06-30 11:54:09.410,,
2022-06-30 11:55:11.277,84,,2022-06-30 11:55:11.210,,
2022-06-30 11:56:13.193,83,,2022-06-30 11:56:13.130,,
2022-06-30 11:57:14.977,81,,2022-06-30 11:57:14.920,,
2022-06-30 11:58:16.757,80,,2022-06-30 11:58:16.690,,
2022-06-30 11:59:18.630,79,,2022-06-30 11:59:18.563,,
2022-06-30 12:00:20.930,78,,2022-06-30 12:00:20.850,,
2022-06-30 12:01:25.440,77,,2022-06-30 12:01:24.963,,
2022-06-30 12:02:28.283,76,,2022-06-30 12:02:28.220,,
2022-06-30 12:03:30.287,75,,2022-06-30 12:03:30.210,,
2022-06-30 12:04:32.863,75,,2022-06-30 12:04:32.800,,
2022-06-30 12:05:35.520,74,,2022-06-30 12:05:35.453,,
2022-06-30 12:06:39.567,73,,2022-06-30 12:06:39.510,,
2022-06-30 12:07:42.457,72,,2022-06-30 12:07:42.327,,
2022-06-30 12:08:47.377,71,,2022-06-30 12:08:46.927,,
2022-06-30 12:09:49.737,71,,2022-06-30 12:09:49.697,,
2022-06-30 12:10:52.257,70,,2022-06-30 12:10:52.197,,
2022-06-30 12:11:54.903,69,,2022-06-30 12:11:54.023,,
2022-06-30 12:12:56.200,68,,2022-06-30 12:12:56.143,,
2022-06-30 12:13:58.670,68,,2022-06-30 12:13:58.607,,
2022-06-30 12:15:01.407,67,,2022-06-30 12:15:01.347,,
2022-06-30 12:16:04.197,67,,2022-06-30 12:16:04.147,,
2022-06-30 12:17:08.320,66,,2022-06-30 12:17:07.920,,
2022-06-30 12:18:11.207,65,,2022-06-30 12:18:10.957,,
2022-06-30 12:19:12.780,65,,2022-06-30 12:19:12.713,,
2022-06-30 12:20:14.733,64,,2022-06-30 12:20:14.667,,
2022-06-30 12:21:16.450,64,,2022-06-30 12:21:16.393,,
2022-06-30 12:22:18.253,63,,2022-06-30 12:22:18.193,,
2022-06-30 12:23:20.110,63,,2022-06-30 12:23:20.050,,
2022-06-30 12:24:22.120,62,,2022-06-30 12:24:22.057,,
2022-06-30 12:25:24.657,62,,2022-06-30 12:25:24.590,,
2022-06-30 12:26:26.607,61,,2022-06-30 12:26:26.540,,
2022-06-30 12:27:28.373,61,,2022-06-30 12:27:28.297,,
2022-06-30 12:28:30.110,60,,2022-06-30 12:28:30.027,,
2022-06-30 12:29:31.840,60,,2022-06-30 12:29:31.780,,
2022-06-30 12:30:33.640,59,,2022-06-30 12:30:33.577,,
2022-06-30 12:31:38.330,59,,2022-06-30 12:31:37.953,,
2022-06-30 12:32:40.157,58,,2022-06-30 12:32:40.093,,
2022-06-30 12:33:41.910,58,,2022-06-30 12:33:41.857,,
2022-06-30 12:34:43.720,58,,2022-06-30 12:34:43.653,,
2022-06-30 12:35:45.457,57,,2022-06-30 12:35:45.407,,
2022-06-30 12:36:47.357,57,,2022-06-30 12:36:47.310,,
2022-06-30 12:37:49.940,57,,2022-06-30 12:37:49.027,,
2022-06-30 12:38:51.103,56,,2022-06-30 12:38:51.057,,
2022-06-30 12:39:54.430,56,,2022-06-30 12:39:54.367,,
2022-06-30 12:40:56.403,56,,2022-06-30 12:40:56.353,,
2022-06-30 12:41:58.253,55,,2022-06-30 12:41:58.177,,
2022-06-30 12:43:00.200,55,,2022-06-30 12:43:00.137,,
2022-06-30 12:44:02.523,54,,2022-06-30 12:44:02.010,,
2022-06-30 12:45:04.380,54,,2022-06-30 12:45:04.333,,
2022-06-30 12:46:06.817,54,,2022-06-30 12:46:06.747,,
2022-06-30 12:47:08.773,54,,2022-06-30 12:47:08.713,,
2022-06-30 12:48:10.717,53,,2022-06-30 12:48:10.663,,
2022-06-30 12:49:12.613,53,,2022-06-30 12:49:12.547,,
2022-06-30 12:50:14.567,53,,2022-06-30 12:50:14.500,,
2022-06-30 12:51:16.987,52,,2022-06-30 12:51:16.937,,
2022-06-30 12:52:18.873,52,,2022-06-30 12:52:18.790,,
2022-06-30 12:53:20.750,52,,2022-06-30 12:53:20.697,,
2022-06-30 12:54:22.507,52,,2022-06-30 12:54:22.460,,
2022-06-30 12:55:24.257,51,,2022-06-30 12:55:24.207,,
2022-06-30 12:56:26.180,51,,2022-06-30 12:56:26.113,,
2022-06-30 12:57:27.947,51,,2022-06-30 12:57:27.880,,
2022-06-30 12:58:29.677,51,,2022-06-30 12:58:29.633,,
2022-06-30 12:59:31.787,50,,2022-06-30 12:59:31.740,,
2022-06-30 13:00:33.587,50,,2022-06-30 13:00:33.443,,
2022-06-30 13:01:35.290,50,,2022-06-30 13:01:35.240,,
2022-06-30 13:02:38.100,50,,2022-06-30 13:02:38.053,,
2022-06-30 13:03:39.947,50,,2022-06-30 13:03:39.883,,
2022-06-30 13:04:42.793,49,,2022-06-30 13:04:42.710,,
2022-06-30 13:05:45.620,49,,2022-06-30 13:05:45.557,,
2022-06-30 13:06:48.277,49,,2022-06-30 13:06:48.197,,
2022-06-30 13:07:52.540,49,,2022-06-30 13:07:52.460,,
2022-06-30 13:08:55.577,48,,2022-06-30 13:08:54.977,,
2022-06-30 13:09:56.920,48,,2022-06-30 13:09:56.807,,
2022-06-30 13:10:59.230,48,,2022-06-30 13:10:59.167,,
2022-06-30 13:12:01.117,48,,2022-06-30 13:12:01.050,,
2022-06-30 13:13:02.977,48,,2022-06-30 13:13:02.927,,
2022-06-30 13:14:05.463,47,,2022-06-30 13:14:05.397,,
2022-06-30 13:15:08.433,47,,2022-06-30 13:15:08.383,,
2022-06-30 13:16:11.307,47,,2022-06-30 13:16:11.227,,
2022-06-30 13:17:13.153,47,,2022-06-30 13:17:13.070,,
2022-06-30 13:18:14.887,47,,2022-06-30 13:18:14.820,,
2022-06-30 13:19:16.590,47,,2022-06-30 13:19:16.540,,
2022-06-30 13:20:19.380,47,,2022-06-30 13:20:19.290,,
2022-06-30 13:21:21.783,46,,2022-06-30 13:21:21.713,,
2022-06-30 13:22:23.853,46,,2022-06-30 13:22:23.807,,
2022-06-30 13:23:25.647,46,,2022-06-30 13:23:25.590,,
2022-06-30 13:24:27.623,46,,2022-06-30 13:24:27.557,,
2022-06-30 13:25:29.320,46,,2022-06-30 13:25:29.277,,
2022-06-30 13:26:31.143,46,,2022-06-30 13:26:31.090,,
2022-06-30 13:27:33.187,45,,2022-06-30 13:27:33.120,,
2022-06-30 13:28:35.157,45,,2022-06-30 13:28:35.090,,
2022-06-30 13:29:37.297,45,,2022-06-30 13:29:36.950,,
2022-06-30 13:30:38.907,45,,2022-06-30 13:30:38.840,,
2022-06-30 13:31:41.250,45,,2022-06-30 13:31:41.123,,
2022-06-30 13:32:43.173,44,,2022-06-30 13:32:43.107,,
2022-06-30 13:33:44.860,44,,2022-06-30 13:33:44.793,,
2022-06-30 13:34:46.687,44,,2022-06-30 13:34:46.623,,
2022-06-30 13:35:48.947,44,,2022-06-30 13:35:48.903,,
2022-06-30 13:36:51.173,44,,2022-06-30 13:36:51.107,,
2022-06-30 13:37:52.980,44,,2022-06-30 13:37:52.910,,
2022-06-30 13:38:54.907,44,,2022-06-30 13:38:54.837,,
2022-06-30 13:39:56.700,43,,2022-06-30 13:39:56.637,,
2022-06-30 13:40:58.730,43,,2022-06-30 13:40:58.670,,
2022-06-30 13:42:00.420,43,,2022-06-30 13:42:00.373,,
2022-06-30 13:43:02.287,43,,2022-06-30 13:43:02.210,,
2022-06-30 13:44:04.123,43,,2022-06-30 13:44:04.057,,
2022-06-30 13:45:06.437,43,,2022-06-30 13:45:06.387,,
2022-06-30 13:46:08.980,43,,2022-06-30 13:46:08.870,,
2022-06-30 13:47:11.160,43,,2022-06-30 13:47:10.857,,
2022-06-30 13:48:12.860,43,,2022-06-30 13:48:12.810,,
2022-06-30 13:49:14.940,60,,2022-06-30 13:49:14.877,,
2022-06-30 13:50:17.107,82,,2022-06-30 13:50:17.027,,
2022-06-30 13:51:18.977,99,,2022-06-30 13:51:18.930,,
2022-06-30 13:52:20.877,113,,2022-06-30 13:52:20.797,,
2022-06-30 13:53:22.687,126,,2022-06-30 13:53:22.627,,
2022-06-30 13:54:24.623,137,,2022-06-30 13:54:24.563,,
2022-06-30 13:55:26.387,148,,2022-06-30 13:55:26.333,,
2022-06-30 13:56:28.800,157,,2022-06-30 13:56:28.010,,
2022-06-30 13:57:30.320,167,,2022-06-30 13:57:29.967,,
2022-06-30 13:58:31.847,176,,2022-06-30 13:58:31.767,,
2022-06-30 13:59:33.827,183,,2022-06-30 13:59:33.760,,
2022-06-30 14:00:35.853,189,,2022-06-30 14:00:35.810,,
2022-06-30 14:01:37.777,193,,2022-06-30 14:01:37.727,,
2022-06-30 14:02:40.193,197,,2022-06-30 14:02:40.143,,
2022-06-30 14:03:42.603,200,,2022-06-30 14:03:42.530,,
2022-06-30 14:04:44.693,201,,2022-06-30 14:04:44.640,,
2022-06-30 14:05:48.103,201,,2022-06-30 14:05:47.953,,
2022-06-30 14:06:50.483,201,,2022-06-30 14:06:50.423,,
2022-06-30 14:07:53.330,201,,2022-06-30 14:07:53.267,,
2022-06-30 14:08:58.593,200,,2022-06-30 14:08:58.543,,
2022-06-30 14:10:01.223,200,,2022-06-30 14:10:01.150,,
2022-06-30 14:11:03.870,200,,2022-06-30 14:11:03.807,,
2022-06-30 14:12:05.593,200,,2022-06-30 14:12:05.543,,
2022-06-30 14:13:07.570,200,,2022-06-30 14:13:07.503,,
2022-06-30 14:14:09.927,201,,2022-06-30 14:14:09.830,,
2022-06-30 14:15:13.100,201,,2022-06-30 14:15:13.037,,
2022-06-30 14:16:15.127,201,,2022-06-30 14:16:15.073,,
2022-06-30 14:17:17.333,200,,2022-06-30 14:17:17.270,,
2022-06-30 14:18:19.223,200,,2022-06-30 14:18:19.157,,
2022-06-30 14:19:21.583,200,,2022-06-30 14:19:21.517,,
2022-06-30 14:20:24.737,199,,2022-06-30 14:20:24.683,,
2022-06-30 14:21:26.517,200,,2022-06-30 14:21:26.433,,
2022-06-30 14:22:28.260,200,,2022-06-30 14:22:28.210,,
2022-06-30 14:23:29.983,200,,2022-06-30 14:23:29.917,,
2022-06-30 14:24:31.800,200,,2022-06-30 14:24:31.737,,
2022-06-30 14:25:33.493,189,,2022-06-30 14:25:33.427,,
2022-06-30 14:26:35.347,176,,2022-06-30 14:26:35.297,,
2022-06-30 14:27:37.287,167,,2022-06-30 14:27:37.207,,
2022-06-30 14:28:39.440,159,,2022-06-30 14:28:39.380,,
2022-06-30 14:29:41.320,154,,2022-06-30 14:29:41.237,,
2022-06-30 14:30:43.583,149,,2022-06-30 14:30:43.520,,
2022-06-30 14:31:45.613,144,,2022-06-30 14:31:45.533,,
2022-06-30 14:32:47.297,140,,2022-06-30 14:32:47.227,,
2022-06-30 14:33:49.450,137,,2022-06-30 14:33:49.367,,
2022-06-30 14:34:51.237,133,,2022-06-30 14:34:51.190,,
2022-06-30 14:35:53.350,130,,2022-06-30 14:35:53.287,,
2022-06-30 14:36:55.100,127,,2022-06-30 14:36:55.053,,
2022-06-30 14:37:56.803,124,,2022-06-30 14:37:56.750,,
2022-06-30 14:38:58.873,122,,2022-06-30 14:38:58.790,,
2022-06-30 14:40:01.950,119,,2022-06-30 14:40:01.893,,
2022-06-30 14:41:04.737,117,,2022-06-30 14:41:04.023,,
2022-06-30 14:42:06.617,115,,2022-06-30 14:42:06.547,,
2022-06-30 14:43:08.383,112,,2022-06-30 14:43:08.340,,
2022-06-30 14:44:10.187,110,,2022-06-30 14:44:10.120,,
2022-06-30 14:45:11.967,109,,2022-06-30 14:45:11.887,,
2022-06-30 14:46:13.970,107,,2022-06-30 14:46:13.910,,
2022-06-30 14:47:15.960,105,,2022-06-30 14:47:15.877,,
2022-06-30 14:48:17.947,103,,2022-06-30 14:48:17.867,,
2022-06-30 14:49:19.870,101,,2022-06-30 14:49:19.820,,
2022-06-30 14:50:22.320,100,,2022-06-30 14:50:22.263,,
2022-06-30 14:51:24.460,98,,2022-06-30 14:51:24.397,,
2022-06-30 14:52:26.537,97,,2022-06-30 14:52:26.470,,
2022-06-30 14:53:28.403,98,,2022-06-30 14:53:28.353,,
2022-06-30 14:54:30.127,98,,2022-06-30 14:54:30.063,,
2022-06-30 14:55:31.870,99,,2022-06-30 14:55:31.807,,
2022-06-30 14:56:34.617,99,,2022-06-30 14:56:34.540,,
2022-06-30 14:57:36.483,99,,2022-06-30 14:57:36.417,,
2022-06-30 14:58:38.173,99,,2022-06-30 14:58:38.100,,
2022-06-30 14:59:39.913,99,,2022-06-30 14:59:39.833,,
2022-06-30 15:00:41.790,99,,2022-06-30 15:00:41.733,,
2022-06-30 15:01:43.620,99,,2022-06-30 15:01:43.570,,
2022-06-30 15:02:45.347,99,,2022-06-30 15:02:45.303,,
2022-06-30 15:03:47.617,99,,2022-06-30 15:03:47.537,,
2022-06-30 15:04:50.643,99,,2022-06-30 15:04:49.997,,
2022-06-30 15:05:52.617,99,,2022-06-30 15:05:52.557,,
2022-06-30 15:06:56.840,99,,2022-06-30 15:06:56.773,,
2022-06-30 15:07:59.617,99,,2022-06-30 15:07:59.490,,
2022-06-30 15:09:01.587,99,,2022-06-30 15:09:01.493,,
2022-06-30 15:10:03.307,99,,2022-06-30 15:10:03.243,,
2022-06-30 15:11:04.993,99,,2022-06-30 15:11:04.917,,
2022-06-30 15:12:06.750,100,,2022-06-30 15:12:06.687,,
2022-06-30 15:13:08.497,100,,2022-06-30 15:13:08.433,,
2022-06-30 15:14:10.837,100,,2022-06-30 15:14:10.763,,
2022-06-30 15:15:12.553,100,,2022-06-30 15:15:12.500,,
2022-06-30 15:16:14.387,100,,2022-06-30 15:16:14.320,,
2022-06-30 15:17:16.140,100,,2022-06-30 15:17:16.097,,
2022-06-30 15:18:18.910,99,,2022-06-30 15:18:18.027,,
2022-06-30 15:19:19.927,99,,2022-06-30 15:19:19.860,,
2022-06-30 15:20:21.837,99,,2022-06-30 15:20:21.780,,
2022-06-30 15:21:23.580,99,,2022-06-30 15:21:23.530,,
2022-06-30 15:22:25.337,100,,2022-06-30 15:22:25.267,,
2022-06-30 15:23:27.657,100,,2022-06-30 15:23:27.010,,
2022-06-30 15:24:28.817,99,,2022-06-30 15:24:28.753,,
2022-06-30 15:25:30.877,97,,2022-06-30 15:25:30.823,,
2022-06-30 15:26:32.710,93,,2022-06-30 15:26:32.627,,
2022-06-30 15:27:34.463,90,,2022-06-30 15:27:34.417,,
2022-06-30 15:28:36.197,88,,2022-06-30 15:28:36.143,,
2022-06-30 15:29:38.947,86,,2022-06-30 15:29:37.920,,
2022-06-30 15:30:39.927,85,,2022-06-30 15:30:39.877,,
2022-06-30 15:31:41.717,83,,2022-06-30 15:31:41.653,,
2022-06-30 15:32:43.613,82,,2022-06-30 15:32:43.533,,
2022-06-30 15:33:45.457,81,,2022-06-30 15:33:45.393,,
2022-06-30 15:34:47.343,80,,2022-06-30 15:34:47.287,,
2022-06-30 15:35:49.153,79,,2022-06-30 15:35:48.957,,
2022-06-30 15:36:51.567,78,,2022-06-30 15:36:51.493,,
2022-06-30 15:37:53.277,77,,2022-06-30 15:37:53.207,,
2022-06-30 15:38:55.203,76,,2022-06-30 15:38:55.117,,
2022-06-30 15:39:56.957,75,,2022-06-30 15:39:56.873,,
2022-06-30 15:40:58.757,74,,2022-06-30 15:40:58.707,,
2022-06-30 15:42:00.580,73,,2022-06-30 15:42:00.497,,
2022-06-30 15:43:02.373,72,,2022-06-30 15:43:02.317,,
2022-06-30 15:44:04.203,72,,2022-06-30 15:44:04.130,,
2022-06-30 15:45:06.753,71,,2022-06-30 15:45:06.677,,
2022-06-30 15:46:09.950,70,,2022-06-30 15:46:08.990,,
2022-06-30 15:47:11.230,70,,2022-06-30 15:47:11.163,,
2022-06-30 15:48:13.393,69,,2022-06-30 15:48:13.347,,
2022-06-30 15:49:15.307,68,,2022-06-30 15:49:15.240,,
2022-06-30 15:50:17.360,68,,2022-06-30 15:50:17.297,,
2022-06-30 15:51:19.197,67,,2022-06-30 15:51:19.140,,
2022-06-30 15:52:20.923,66,,2022-06-30 15:52:20.857,,
2022-06-30 15:53:22.730,66,,2022-06-30 15:53:22.660,,
2022-06-30 15:54:24.490,65,,2022-06-30 15:54:24.440,,
2022-06-30 15:55:26.397,64,,2022-06-30 15:55:26.347,,
2022-06-30 15:56:28.670,64,,2022-06-30 15:56:28.620,,
2022-06-30 15:57:30.777,63,,2022-06-30 15:57:30.697,,
2022-06-30 15:58:32.650,63,,2022-06-30 15:58:32.570,,
2022-06-30 15:59:34.447,62,,2022-06-30 15:59:34.380,,
2022-06-30 16:00:36.737,62,,2022-06-30 16:00:36.647,,
2022-06-30 16:01:39.803,61,,2022-06-30 16:01:39.007,,
2022-06-30 16:02:40.940,61,,2022-06-30 16:02:40.883,,
2022-06-30 16:03:43.403,60,,2022-06-30 16:03:43.277,,
2022-06-30 16:04:46.240,60,,2022-06-30 16:04:46.177,,
2022-06-30 16:05:49.133,59,,2022-06-30 16:05:49.077,,
2022-06-30 16:06:52.850,59,,2022-06-30 16:06:52.723,,
2022-06-30 16:07:55.817,59,,2022-06-30 16:07:55.770,,
2022-06-30 16:08:57.753,58,,2022-06-30 16:08:57.703,,
2022-06-30 16:10:00.390,58,,2022-06-30 16:10:00.327,,
2022-06-30 16:11:03.943,57,,2022-06-30 16:11:03.883,,
2022-06-30 16:12:07.457,57,,2022-06-30 16:12:07.007,,
2022-06-30 16:13:08.987,57,,2022-06-30 16:13:08.937,,
2022-06-30 16:14:12.633,56,,2022-06-30 16:14:12.590,,
2022-06-30 16:15:14.703,56,,2022-06-30 16:15:14.607,,
2022-06-30 16:16:16.477,56,,2022-06-30 16:16:16.410,,
2022-06-30 16:17:18.357,55,,2022-06-30 16:17:18.277,,
2022-06-30 16:18:20.380,55,,2022-06-30 16:18:20.300,,
2022-06-30 16:19:22.100,54,,2022-06-30 16:19:22.020,,
2022-06-30 16:20:24.247,54,,2022-06-30 16:20:24.183,,
2022-06-30 16:21:25.997,54,,2022-06-30 16:21:25.947,,
2022-06-30 16:22:27.787,54,,2022-06-30 16:22:27.743,,
2022-06-30 16:23:29.573,53,,2022-06-30 16:23:29.497,,
2022-06-30 16:24:31.447,53,,2022-06-30 16:24:31.383,,
2022-06-30 16:25:33.357,53,,2022-06-30 16:25:33.290,,
2022-06-30 16:26:35.567,52,,2022-06-30 16:26:35.490,,
2022-06-30 16:27:37.400,52,,2022-06-30 16:27:37.347,,
2022-06-30 16:28:39.213,52,,2022-06-30 16:28:39.147,,
2022-06-30 16:29:41.300,52,,2022-06-30 16:29:40.980,,
2022-06-30 16:30:43.707,51,,2022-06-30 16:30:42.977,,
2022-06-30 16:31:44.880,51,,2022-06-30 16:31:44.817,,
2022-06-30 16:32:46.683,51,,2022-06-30 16:32:46.617,,
2022-06-30 16:33:48.467,51,,2022-06-30 16:33:48.403,,
2022-06-30 16:34:50.440,50,,2022-06-30 16:34:50.373,,
2022-06-30 16:35:52.177,50,,2022-06-30 16:35:52.113,,
2022-06-30 16:36:53.893,50,,2022-06-30 16:36:53.827,,
2022-06-30 16:37:55.647,50,,2022-06-30 16:37:55.560,,
2022-06-30 16:38:57.447,49,,2022-06-30 16:38:57.373,,
2022-06-30 16:39:59.400,49,,2022-06-30 16:39:59.337,,
2022-06-30 16:41:01.357,49,,2022-06-30 16:41:01.297,,
2022-06-30 16:42:03.193,49,,2022-06-30 16:42:03.127,,
2022-06-30 16:43:05.537,49,,2022-06-30 16:43:05.487,,
2022-06-30 16:44:07.470,48,,2022-06-30 16:44:07.403,,
2022-06-30 16:45:09.173,48,,2022-06-30 16:45:09.113,,
2022-06-30 16:46:11.517,48,,2022-06-30 16:46:10.940,,
2022-06-30 16:47:12.860,48,,2022-06-30 16:47:12.767,,
2022-06-30 16:48:14.667,48,,2022-06-30 16:48:14.587,,
2022-06-30 16:49:16.817,47,,2022-06-30 16:49:16.697,,
2022-06-30 16:50:18.880,47,,2022-06-30 16:50:18.817,,
2022-06-30 16:51:20.687,47,,2022-06-30 16:51:20.643,,
2022-06-30 16:52:22.437,47,,2022-06-30 16:52:22.363,,
2022-06-30 16:53:24.277,47,,2022-06-30 16:53:24.153,,
2022-06-30 16:54:26.160,47,,2022-06-30 16:54:26.107,,
2022-06-30 16:55:28.157,46,,2022-06-30 16:55:28.110,,
2022-06-30 16:56:29.860,46,,2022-06-30 16:56:29.813,,
2022-06-30 16:57:31.843,46,,2022-06-30 16:57:31.747,,
2022-06-30 16:58:33.597,46,,2022-06-30 16:58:33.547,,
2022-06-30 16:59:35.383,46,,2022-06-30 16:59:35.313,,
2022-06-30 17:00:37.227,46,,2022-06-30 17:00:37.187,,
2022-06-30 17:01:39.223,45,,2022-06-30 17:01:39.143,,
2022-06-30 17:02:41.743,45,,2022-06-30 17:02:41.677,,
2022-06-30 17:03:43.913,45,,2022-06-30 17:03:43.847,,
2022-06-30 17:04:46.903,45,,2022-06-30 17:04:46.847,,
2022-06-30 17:05:49.390,45,,2022-06-30 17:05:49.313,,
2022-06-30 17:06:52.190,45,,2022-06-30 17:06:51.973,,
2022-06-30 17:07:56.103,45,,2022-06-30 17:07:56.020,,
2022-06-30 17:08:58.720,45,,2022-06-30 17:08:58.657,,
2022-06-30 17:10:00.553,44,,2022-06-30 17:10:00.470,,
2022-06-30 17:11:02.403,44,,2022-06-30 17:11:02.347,,
2022-06-30 17:12:04.177,44,,2022-06-30 17:12:04.117,,
2022-06-30 17:13:05.913,44,,2022-06-30 17:13:05.830,,
2022-06-30 17:14:08.147,44,,2022-06-30 17:14:08.067,,
2022-06-30 17:15:10.440,44,,2022-06-30 17:15:09.993,,
2022-06-30 17:16:12.367,44,,2022-06-30 17:16:12.287,,
2022-06-30 17:17:14.273,43,,2022-06-30 17:17:14.207,,
2022-06-30 17:18:16.393,43,,2022-06-30 17:18:15.987,,
2022-06-30 17:19:17.760,43,,2022-06-30 17:19:17.680,,
2022-06-30 17:20:19.477,43,,2022-06-30 17:20:19.413,,
2022-06-30 17:21:21.313,43,,2022-06-30 17:21:21.243,,
2022-06-30 17:22:23.383,43,,2022-06-30 17:22:23.317,,
2022-06-30 17:23:25.303,43,,2022-06-30 17:23:25.237,,
2022-06-30 17:24:27.547,43,,2022-06-30 17:24:26.990,,
2022-07-01 07:57:19.953,60,,2022-07-01 07:57:19.887,,
2022-07-01 07:58:21.977,84,,2022-07-01 07:58:21.910,,
2022-07-01 07:59:23.833,102,,2022-07-01 07:59:23.767,,
2022-07-01 08:00:25.687,118,,2022-07-01 08:00:25.623,,
2022-07-01 08:01:27.617,132,,2022-07-01 08:01:27.550,,
2022-07-01 08:02:29.647,146,,2022-07-01 08:02:29.597,,
2022-07-01 08:03:33.887,158,,2022-07-01 08:03:33.807,,
2022-07-01 08:04:37.980,170,,2022-07-01 08:04:36.967,,
2022-07-01 08:05:38.813,179,,2022-07-01 08:05:38.757,,
2022-07-01 08:06:40.630,187,,2022-07-01 08:06:40.527,,
2022-07-01 08:07:42.367,194,,2022-07-01 08:07:42.307,,
2022-07-01 08:08:44.177,197,,2022-07-01 08:08:44.107,,
2022-07-01 08:09:46.303,199,,2022-07-01 08:09:45.967,,
2022-07-01 08:10:48.397,199,,2022-07-01 08:10:48.207,,
2022-07-01 08:11:50.373,200,,2022-07-01 08:11:50.327,,
2022-07-01 08:12:52.120,200,,2022-07-01 08:12:52.040,,
2022-07-01 08:13:54.393,201,,2022-07-01 08:13:54.313,,
2022-07-01 08:14:56.210,200,,2022-07-01 08:14:56.130,,
2022-07-01 08:15:58.870,200,,2022-07-01 08:15:58.030,,
2022-07-01 08:16:59.797,200,,2022-07-01 08:16:59.747,,
2022-07-01 08:18:01.517,200,,2022-07-01 08:18:01.433,,
2022-07-01 08:19:03.493,191,,2022-07-01 08:19:03.427,,
2022-07-01 08:20:07.387,175,,2022-07-01 08:20:07.317,,
2022-07-01 08:21:09.520,164,,2022-07-01 08:21:09.457,,
2022-07-01 08:22:11.237,157,,2022-07-01 08:22:11.170,,
2022-07-01 08:23:12.970,151,,2022-07-01 08:23:12.907,,
2022-07-01 08:24:14.720,146,,2022-07-01 08:24:14.670,,
2022-07-01 08:25:16.447,141,,2022-07-01 08:25:16.390,,
2022-07-01 08:26:18.653,137,,2022-07-01 08:26:18.600,,
2022-07-01 08:27:20.473,133,,2022-07-01 08:27:20.407,,
2022-07-01 08:28:22.200,130,,2022-07-01 08:28:22.140,,
2022-07-01 08:29:24.143,127,,2022-07-01 08:29:24.073,,
2022-07-01 08:30:26.797,123,,2022-07-01 08:30:26.737,,
2022-07-01 08:31:28.747,120,,2022-07-01 08:31:28.680,,
2022-07-01 08:32:30.540,118,,2022-07-01 08:32:30.473,,
2022-07-01 08:33:32.807,115,,2022-07-01 08:33:32.757,,
2022-07-01 08:34:34.690,113,,2022-07-01 08:34:34.637,,
2022-07-01 08:35:36.950,111,,2022-07-01 08:35:36.837,,
2022-07-01 08:36:39.470,109,,2022-07-01 08:36:39.407,,
2022-07-01 08:37:41.177,107,,2022-07-01 08:37:41.117,,
2022-07-01 08:38:43.153,105,,2022-07-01 08:38:43.087,,
2022-07-01 08:39:45.147,103,,2022-07-01 08:39:45.083,,
2022-07-01 08:40:47.260,101,,2022-07-01 08:40:46.933,,
2022-07-01 08:41:48.803,99,,2022-07-01 08:41:48.743,,
2022-07-01 08:42:50.500,98,,2022-07-01 08:42:50.453,,
2022-07-01 08:43:52.487,98,,2022-07-01 08:43:52.420,,
2022-07-01 08:44:54.253,98,,2022-07-01 08:44:54.187,,
2022-07-01 08:45:56.307,98,,2022-07-01 08:45:56.243,,
2022-07-01 08:46:58.227,99,,2022-07-01 08:46:58.147,,
2022-07-01 08:48:00.447,99,,2022-07-01 08:47:59.990,,
2022-07-01 08:49:01.913,99,,2022-07-01 08:49:01.857,,
2022-07-01 08:50:04.450,99,,2022-07-01 08:50:04.383,,
2022-07-01 08:51:06.710,99,,2022-07-01 08:51:06.660,,
2022-07-01 08:52:08.587,99,,2022-07-01 08:52:08.520,,
2022-07-01 08:53:10.610,99,,2022-07-01 08:53:10.543,,
2022-07-01 08:54:12.783,99,,2022-07-01 08:54:12.720,,
2022-07-01 08:55:14.750,99,,2022-07-01 08:55:14.687,,
2022-07-01 08:56:16.503,99,,2022-07-01 08:56:16.437,,
2022-07-01 08:57:18.253,99,,2022-07-01 08:57:18.193,,
2022-07-01 08:58:20.393,99,,2022-07-01 08:58:19.990,,
2022-07-01 08:59:21.747,99,,2022-07-01 08:59:21.687,,
2022-07-01 09:00:23.557,99,,2022-07-01 09:00:23.490,,
2022-07-01 09:01:25.393,99,,2022-07-01 09:01:25.337,,
2022-07-01 09:02:27.290,99,,2022-07-01 09:02:27.227,,
2022-07-01 09:03:29.660,104,,2022-07-01 09:03:29.580,,
2022-07-01 09:04:33.827,125,,2022-07-01 09:04:33.653,,
2022-07-01 09:05:35.627,141,,2022-07-01 09:05:35.550,,
2022-07-01 09:06:37.367,154,,2022-07-01 09:06:37.287,,
2022-07-01 09:07:39.707,166,,2022-07-01 09:07:39.007,,
2022-07-01 09:08:41.133,176,,2022-07-01 09:08:41.083,,
2022-07-01 09:09:42.917,185,,2022-07-01 09:09:42.873,,
2022-07-01 09:10:44.630,192,,2022-07-01 09:10:44.553,,
2022-07-01 09:11:46.440,198,,2022-07-01 09:11:46.360,,
2022-07-01 09:12:48.490,202,,2022-07-01 09:12:48.397,,
2022-07-01 09:13:51.840,202,,2022-07-01 09:13:51.790,,
2022-07-01 09:14:54.413,202,,2022-07-01 09:14:54.357,,
2022-07-01 09:15:56.877,201,,2022-07-01 09:15:56.823,,
2022-07-01 09:16:58.717,201,,2022-07-01 09:16:58.637,,
2022-07-01 09:18:00.520,200,,2022-07-01 09:18:00.453,,
2022-07-01 09:19:02.467,200,,2022-07-01 09:19:02.360,,
2022-07-01 09:20:04.240,200,,2022-07-01 09:20:04.160,,
2022-07-01 09:21:06.367,199,,2022-07-01 09:21:06.303,,
2022-07-01 09:22:08.990,199,,2022-07-01 09:22:08.040,,
2022-07-01 09:23:09.857,200,,2022-07-01 09:23:09.790,,
2022-07-01 09:24:11.870,200,,2022-07-01 09:24:11.803,,
2022-07-01 09:25:13.747,200,,2022-07-01 09:25:13.693,,
2022-07-01 09:26:15.480,200,,2022-07-01 09:26:15.383,,
2022-07-01 09:27:17.400,201,,2022-07-01 09:27:17.333,,
2022-07-01 09:28:19.150,200,,2022-07-01 09:28:19.070,,
2022-07-01 09:29:20.963,200,,2022-07-01 09:29:20.897,,
2022-07-01 09:30:22.780,199,,2022-07-01 09:30:22.667,,
2022-07-01 09:31:24.750,200,,2022-07-01 09:31:24.683,,
2022-07-01 09:32:26.530,199,,2022-07-01 09:32:26.463,,
2022-07-01 09:33:29.283,199,,2022-07-01 09:33:28.930,,
2022-07-01 09:34:30.783,199,,2022-07-01 09:34:30.713,,
2022-07-01 09:35:32.670,199,,2022-07-01 09:35:32.620,,
2022-07-01 09:36:34.487,200,,2022-07-01 09:36:34.417,,
2022-07-01 09:37:36.347,199,,2022-07-01 09:37:36.247,,
2022-07-01 09:38:38.640,199,,2022-07-01 09:38:37.997,,
2022-07-01 09:39:39.877,200,,2022-07-01 09:39:39.797,,
2022-07-01 09:40:42.313,199,,2022-07-01 09:40:41.967,,
2022-07-01 09:41:44.920,199,,2022-07-01 09:41:44.043,,
2022-07-01 09:42:46.417,199,,2022-07-01 09:42:46.323,,
2022-07-01 09:43:48.290,200,,2022-07-01 09:43:48.230,,
2022-07-01 09:44:50.967,200,,2022-07-01 09:44:50.030,,
2022-07-01 09:45:52.310,200,,2022-07-01 09:45:52.247,,
2022-07-01 09:46:54.267,200,,2022-07-01 09:46:54.217,,
2022-07-01 09:47:56.163,200,,2022-07-01 09:47:56.100,,
2022-07-01 09:48:58.240,200,,2022-07-01 09:48:58.177,,
2022-07-01 09:50:00.870,200,,2022-07-01 09:50:00.017,,
2022-07-01 09:51:02.650,199,,2022-07-01 09:51:02.000,,
2022-07-01 09:52:03.877,200,,2022-07-01 09:52:03.813,,
2022-07-01 09:53:05.603,200,,2022-07-01 09:53:05.547,,
2022-07-01 09:54:07.580,200,,2022-07-01 09:54:07.483,,
2022-07-01 09:55:09.487,189,,2022-07-01 09:55:09.423,,
2022-07-01 09:56:11.313,176,,2022-07-01 09:56:11.247,,
2022-07-01 09:57:13.220,171,,2022-07-01 09:57:13.153,,
2022-07-01 09:58:15.157,189,,2022-07-01 09:58:15.107,,
2022-07-01 09:59:16.877,203,,2022-07-01 09:59:16.810,,
2022-07-01 10:00:18.627,203,,2022-07-01 10:00:18.547,,
2022-07-01 10:01:20.367,203,,2022-07-01 10:01:20.327,,
2022-07-01 10:02:22.127,200,,2022-07-01 10:02:22.060,,
2022-07-01 10:03:24.577,201,,2022-07-01 10:03:24.500,,
2022-07-01 10:04:27.463,201,,2022-07-01 10:04:26.980,,
2022-07-01 10:05:30.150,200,,2022-07-01 10:05:29.967,,
2022-07-01 10:06:34.117,200,,2022-07-01 10:06:34.043,,
2022-07-01 10:07:36.767,200,,2022-07-01 10:07:36.687,,
2022-07-01 10:08:39.463,188,,2022-07-01 10:08:39.407,,
2022-07-01 10:09:41.287,175,,2022-07-01 10:09:41.157,,
2022-07-01 10:10:43.110,165,,2022-07-01 10:10:43.060,,
2022-07-01 10:11:45.207,159,,2022-07-01 10:11:45.047,,
2022-07-01 10:12:46.997,153,,2022-07-01 10:12:46.930,,
2022-07-01 10:13:49.217,148,,2022-07-01 10:13:49.120,,
2022-07-01 10:14:51.687,144,,2022-07-01 10:14:50.993,,
2022-07-01 10:15:52.857,140,,2022-07-01 10:15:52.807,,
2022-07-01 10:16:54.810,136,,2022-07-01 10:16:54.747,,
2022-07-01 10:17:56.533,133,,2022-07-01 10:17:56.480,,
2022-07-01 10:18:58.347,130,,2022-07-01 10:18:58.293,,
2022-07-01 10:20:00.253,127,,2022-07-01 10:20:00.187,,
2022-07-01 10:21:02.223,124,,2022-07-01 10:21:02.173,,
2022-07-01 10:22:03.957,121,,2022-07-01 10:22:03.887,,
2022-07-01 10:23:05.797,119,,2022-07-01 10:23:05.717,,
2022-07-01 10:24:07.867,116,,2022-07-01 10:24:07.717,,
2022-07-01 10:25:09.560,114,,2022-07-01 10:25:09.500,,
2022-07-01 10:26:11.573,112,,2022-07-01 10:26:11.500,,
2022-07-01 10:27:13.960,110,,2022-07-01 10:27:13.890,,
2022-07-01 10:28:15.657,108,,2022-07-01 10:28:15.597,,
2022-07-01 10:29:17.520,106,,2022-07-01 10:29:17.440,,
2022-07-01 10:30:19.363,104,,2022-07-01 10:30:19.297,,
2022-07-01 10:31:21.163,102,,2022-07-01 10:31:21.093,,
2022-07-01 10:32:22.893,100,,2022-07-01 10:32:22.830,,
2022-07-01 10:33:24.647,99,,2022-07-01 10:33:24.580,,
2022-07-01 10:34:26.457,97,,2022-07-01 10:34:26.330,,
2022-07-01 10:35:28.993,96,,2022-07-01 10:35:28.923,,
2022-07-01 10:36:30.770,94,,2022-07-01 10:36:30.703,,
2022-07-01 10:37:32.800,93,,2022-07-01 10:37:32.717,,
2022-07-01 10:38:34.783,91,,2022-07-01 10:38:34.733,,
2022-07-01 10:39:38.383,90,,2022-07-01 10:39:38.310,,
2022-07-01 10:40:40.937,89,,2022-07-01 10:40:40.027,,
2022-07-01 10:41:42.523,87,,2022-07-01 10:41:42.450,,
2022-07-01 10:42:44.433,86,,2022-07-01 10:42:44.337,,
2022-07-01 10:43:46.260,85,,2022-07-01 10:43:46.197,,
2022-07-01 10:44:47.983,84,,2022-07-01 10:44:47.930,,
2022-07-01 10:45:49.793,83,,2022-07-01 10:45:49.727,,
2022-07-01 10:46:51.863,82,,2022-07-01 10:46:51.797,,
2022-07-01 10:47:53.730,81,,2022-07-01 10:47:53.627,,
2022-07-01 10:48:55.473,80,,2022-07-01 10:48:55.390,,
2022-07-01 10:49:57.253,78,,2022-07-01 10:49:57.187,,
2022-07-01 10:50:59.143,78,,2022-07-01 10:50:59.077,,
2022-07-01 10:52:01.113,77,,2022-07-01 10:52:01.047,,
2022-07-01 10:53:04.617,76,,2022-07-01 10:53:04.000,,
2022-07-01 10:54:06.310,75,,2022-07-01 10:54:05.987,,
2022-07-01 10:55:08.107,74,,2022-07-01 10:55:08.033,,
2022-07-01 10:56:09.880,73,,2022-07-01 10:56:09.800,,
2022-07-01 10:57:11.817,72,,2022-07-01 10:57:11.707,,
2022-07-01 10:58:13.857,72,,2022-07-01 10:58:13.800,,
2022-07-01 10:59:15.717,71,,2022-07-01 10:59:15.660,,
2022-07-01 11:00:17.880,70,,2022-07-01 11:00:17.817,,
2022-07-01 11:01:19.750,69,,2022-07-01 11:01:19.677,,
2022-07-01 11:02:21.523,68,,2022-07-01 11:02:21.440,,
2022-07-01 11:03:24.373,68,,2022-07-01 11:03:24.333,,
2022-07-01 11:04:26.697,67,,2022-07-01 11:04:26.630,,
2022-07-01 11:05:29.290,66,,2022-07-01 11:05:29.223,,
2022-07-01 11:06:32.863,66,,2022-07-01 11:06:32.663,,
2022-07-01 11:07:36.523,65,,2022-07-01 11:07:36.460,,
2022-07-01 11:08:38.527,64,,2022-07-01 11:08:38.443,,
2022-07-01 11:09:40.293,64,,2022-07-01 11:09:40.227,,
2022-07-01 11:10:42.810,63,,2022-07-01 11:10:42.023,,
2022-07-01 11:11:43.803,63,,2022-07-01 11:11:43.743,,
2022-07-01 11:12:46.787,62,,2022-07-01 11:12:45.997,,
2022-07-01 11:13:50.863,62,,2022-07-01 11:13:50.793,,
2022-07-01 11:14:52.967,61,,2022-07-01 11:14:52.903,,
2022-07-01 11:15:55.797,61,,2022-07-01 11:15:55.013,,
2022-07-01 11:16:56.813,60,,2022-07-01 11:16:56.750,,
2022-07-01 11:17:58.800,59,,2022-07-01 11:17:58.733,,
2022-07-01 11:19:00.517,59,,2022-07-01 11:19:00.437,,
2022-07-01 11:20:03.200,58,,2022-07-01 11:20:03.140,,
2022-07-01 11:21:05.570,58,,2022-07-01 11:21:04.983,,
2022-07-01 11:22:06.877,58,,2022-07-01 11:22:06.797,,
2022-07-01 11:23:08.610,57,,2022-07-01 11:23:08.547,,
2022-07-01 11:24:10.360,57,,2022-07-01 11:24:10.297,,
2022-07-01 11:25:12.177,56,,2022-07-01 11:25:12.097,,
2022-07-01 11:26:13.987,56,,2022-07-01 11:26:13.940,,
2022-07-01 11:27:15.810,56,,2022-07-01 11:27:15.753,,
2022-07-01 11:28:17.733,55,,2022-07-01 11:28:17.673,,
2022-07-01 11:29:19.923,55,,2022-07-01 11:29:19.877,,
2022-07-01 11:30:21.617,54,,2022-07-01 11:30:21.533,,
2022-07-01 11:31:24.220,54,,2022-07-01 11:31:23.970,,
2022-07-01 11:32:25.727,54,,2022-07-01 11:32:25.660,,
2022-07-01 11:33:27.493,53,,2022-07-01 11:33:27.423,,
2022-07-01 11:34:29.287,53,,2022-07-01 11:34:29.220,,
2022-07-01 11:35:30.983,53,,2022-07-01 11:35:30.927,,
2022-07-01 11:36:32.870,52,,2022-07-01 11:36:32.817,,
2022-07-01 11:37:34.583,52,,2022-07-01 11:37:34.520,,
2022-07-01 11:38:36.303,52,,2022-07-01 11:38:36.253,,
2022-07-01 11:39:38.467,51,,2022-07-01 11:39:38.410,,
2022-07-01 11:40:40.590,51,,2022-07-01 11:40:40.537,,
2022-07-01 11:41:42.533,51,,2022-07-01 11:41:42.473,,
2022-07-01 11:42:44.527,50,,2022-07-01 11:42:44.430,,
2022-07-01 11:43:46.413,50,,2022-07-01 11:43:46.353,,
2022-07-01 11:44:48.200,50,,2022-07-01 11:44:48.103,,
2022-07-01 11:45:50.560,50,,2022-07-01 11:45:49.990,,
2022-07-01 11:46:51.790,50,,2022-07-01 11:46:51.727,,
2022-07-01 11:47:53.613,49,,2022-07-01 11:47:53.553,,
2022-07-01 11:48:55.363,49,,2022-07-01 11:48:55.320,,
2022-07-01 11:49:57.590,49,,2022-07-01 11:49:56.993,,
2022-07-01 11:50:58.917,49,,2022-07-01 11:50:58.803,,
2022-07-01 11:52:00.980,48,,2022-07-01 11:52:00.913,,
2022-07-01 11:53:02.750,48,,2022-07-01 11:53:02.697,,
2022-07-01 11:54:04.463,48,,2022-07-01 11:54:04.413,,
2022-07-01 11:55:06.583,47,,2022-07-01 11:55:06.523,,
2022-07-01 11:56:08.707,47,,2022-07-01 11:56:08.650,,
2022-07-01 11:57:10.527,47,,2022-07-01 11:57:10.463,,
2022-07-01 11:58:12.277,47,,2022-07-01 11:58:12.197,,
2022-07-01 11:59:13.980,47,,2022-07-01 11:59:13.930,,
2022-07-01 12:00:15.777,47,,2022-07-01 12:00:15.713,,
2022-07-01 12:01:19.890,47,,2022-07-01 12:01:19.823,,
2022-07-01 12:02:21.797,46,,2022-07-01 12:02:21.713,,
2022-07-01 12:03:24.590,46,,2022-07-01 12:03:24.527,,
2022-07-01 12:04:26.903,46,,2022-07-01 12:04:26.853,,
2022-07-01 12:05:29.497,46,,2022-07-01 12:05:29.433,,
2022-07-01 12:06:32.987,46,,2022-07-01 12:06:32.933,,
2022-07-01 12:07:36.887,46,,2022-07-01 12:07:36.823,,
2022-07-01 12:08:38.687,45,,2022-07-01 12:08:38.620,,
2022-07-01 12:09:40.533,45,,2022-07-01 12:09:40.463,,
2022-07-01 12:10:42.427,45,,2022-07-01 12:10:42.370,,
2022-07-01 12:11:44.230,45,,2022-07-01 12:11:44.183,,
2022-07-01 12:12:46.487,45,,2022-07-01 12:12:46.423,,
2022-07-01 12:13:48.943,45,,2022-07-01 12:13:48.830,,
2022-07-01 12:14:51.437,45,,2022-07-01 12:14:50.890,,
2022-07-01 12:15:52.870,45,,2022-07-01 12:15:52.823,,
2022-07-01 12:16:54.897,44,,2022-07-01 12:16:54.823,,
2022-07-01 12:17:56.867,44,,2022-07-01 12:17:56.793,,
2022-07-01 12:18:59.883,44,,2022-07-01 12:18:59.823,,
2022-07-01 12:20:01.920,44,,2022-07-01 12:20:01.840,,
2022-07-01 12:21:04.773,44,,2022-07-01 12:21:04.653,,
2022-07-01 12:22:06.493,44,,2022-07-01 12:22:06.433,,
2022-07-01 12:23:08.407,44,,2022-07-01 12:23:08.340,,
2022-07-01 12:24:10.227,44,,2022-07-01 12:24:10.167,,
2022-07-01 12:25:12.207,43,,2022-07-01 12:25:12.137,,
2022-07-01 12:26:14.287,43,,2022-07-01 12:26:14.230,,
2022-07-01 12:27:16.157,43,,2022-07-01 12:27:16.027,,
2022-07-01 12:28:17.893,43,,2022-07-01 12:28:17.840,,
2022-07-01 12:29:19.690,43,,2022-07-01 12:29:19.637,,
2022-07-01 12:30:22.337,43,,2022-07-01 12:30:22.233,,
2022-07-01 12:31:26.543,43,,2022-07-01 12:31:26.467,,
2022-07-01 12:32:28.597,43,,2022-07-01 12:32:28.517,,
2022-07-01 12:33:30.413,43,,2022-07-01 12:33:30.360,,
2022-07-01 12:34:32.393,43,,2022-07-01 12:34:32.343,,
2022-07-01 12:35:34.227,43,,2022-07-01 12:35:34.157,,
2022-07-01 12:36:36.810,42,,2022-07-01 12:36:36.000,,
2022-07-01 12:37:38.207,42,,2022-07-01 12:37:38.143,,
2022-07-01 12:38:39.887,42,,2022-07-01 12:38:39.830,,
2022-07-01 12:39:41.630,42,,2022-07-01 12:39:41.563,,
2022-07-01 12:40:43.770,42,,2022-07-01 12:40:43.673,,
2022-07-01 12:41:45.730,42,,2022-07-01 12:41:45.673,,
2022-07-01 12:42:47.527,42,,2022-07-01 12:42:47.477,,
2022-07-01 12:43:49.627,42,,2022-07-01 12:43:49.530,,
2022-07-01 12:44:51.703,42,,2022-07-01 12:44:51.623,,
2022-07-01 12:45:53.447,42,,2022-07-01 12:45:53.373,,
2022-07-01 12:46:55.343,42,,2022-07-01 12:46:55.247,,
2022-07-01 12:47:57.233,42,,2022-07-01 12:47:57.153,,
2022-07-01 12:48:59.140,42,,2022-07-01 12:48:59.077,,
2022-07-01 12:50:01.300,42,,2022-07-01 12:50:01.247,,
2022-07-01 12:51:03.110,41,,2022-07-01 12:51:03.043,,
2022-07-01 12:52:06.480,41,,2022-07-01 12:52:06.420,,
2022-07-01 12:53:08.237,41,,2022-07-01 12:53:08.170,,
2022-07-01 12:54:10.487,41,,2022-07-01 12:54:09.937,,
2022-07-01 12:55:11.893,41,,2022-07-01 12:55:11.763,,
2022-07-01 12:56:14.487,41,,2022-07-01 12:56:14.000,,
2022-07-01 12:57:15.837,41,,2022-07-01 12:57:15.780,,
2022-07-01 12:58:17.643,41,,2022-07-01 12:58:17.577,,
2022-07-01 12:59:19.577,41,,2022-07-01 12:59:19.517,,
2022-07-01 13:00:21.437,41,,2022-07-01 13:00:21.377,,
2022-07-01 13:01:23.910,41,,2022-07-01 13:01:23.843,,
2022-07-01 13:02:25.903,41,,2022-07-01 13:02:25.843,,
2022-07-01 13:03:28.567,41,,2022-07-01 13:03:28.500,,
2022-07-01 13:04:30.863,41,,2022-07-01 13:04:30.797,,
2022-07-01 13:05:33.353,41,,2022-07-01 13:05:33.297,,
2022-07-01 13:06:37.397,41,,2022-07-01 13:06:37.313,,
2022-07-01 13:07:40.590,40,,2022-07-01 13:07:40.517,,
2022-07-01 13:08:42.397,41,,2022-07-01 13:08:42.330,,
2022-07-01 13:09:44.837,40,,2022-07-01 13:09:44.017,,
2022-07-01 13:10:46.110,40,,2022-07-01 13:10:46.067,,
2022-07-01 13:11:47.887,40,,2022-07-01 13:11:47.817,,
2022-07-01 13:12:49.797,40,,2022-07-01 13:12:49.727,,
2022-07-01 13:13:52.403,40,,2022-07-01 13:13:52.337,,
2022-07-01 13:14:54.910,40,,2022-07-01 13:14:54.027,,
2022-07-01 13:15:56.257,40,,2022-07-01 13:15:55.960,,
2022-07-01 13:16:57.890,40,,2022-07-01 13:16:57.837,,
2022-07-01 13:17:59.637,40,,2022-07-01 13:17:59.570,,
2022-07-01 13:19:01.557,40,,2022-07-01 13:19:01.493,,
2022-07-01 13:20:03.447,40,,2022-07-01 13:20:03.383,,
2022-07-01 13:21:05.503,40,,2022-07-01 13:21:05.447,,
2022-07-01 13:22:07.357,40,,2022-07-01 13:22:07.290,,
2022-07-01 13:23:09.217,40,,2022-07-01 13:23:09.150,,
2022-07-01 13:24:10.967,40,,2022-07-01 13:24:10.900,,
2022-07-01 13:25:13.543,40,,2022-07-01 13:25:13.477,,
2022-07-01 13:26:15.270,40,,2022-07-01 13:26:15.213,,
2022-07-01 13:27:17.107,40,,2022-07-01 13:27:17.040,,
2022-07-01 13:28:19.153,40,,2022-07-01 13:28:19.073,,
2022-07-01 13:29:21.603,40,,2022-07-01 13:29:20.993,,
2022-07-01 13:30:23.107,40,,2022-07-01 13:30:23.027,,
2022-07-01 13:31:25.583,40,,2022-07-01 13:31:24.947,,
2022-07-01 13:32:27.153,40,,2022-07-01 13:32:27.090,,
2022-07-01 13:33:29.217,40,,2022-07-01 13:33:29.167,,
2022-07-01 13:34:30.893,40,,2022-07-01 13:34:30.823,,
2022-07-01 13:35:32.797,40,,2022-07-01 13:35:32.713,,
2022-07-01 13:36:34.727,39,,2022-07-01 13:36:34.653,,
2022-07-01 13:37:36.477,39,,2022-07-01 13:37:36.417,,
2022-07-01 13:38:38.170,39,,2022-07-01 13:38:38.090,,
2022-07-01 13:39:39.977,39,,2022-07-01 13:39:39.933,,
2022-07-01 13:40:42.387,39,,2022-07-01 13:40:42.293,,
2022-07-01 13:41:44.370,39,,2022-07-01 13:41:44.310,,
2022-07-01 13:42:46.433,39,,2022-07-01 13:42:46.320,,
2022-07-01 13:43:48.170,39,,2022-07-01 13:43:48.090,,
2022-07-01 13:44:50.250,39,,2022-07-01 13:44:50.183,,
2022-07-01 13:45:52.123,39,,2022-07-01 13:45:52.060,,
2022-07-01 13:46:53.837,39,,2022-07-01 13:46:53.780,,
2022-07-01 13:47:55.663,39,,2022-07-01 13:47:55.610,,
2022-07-01 13:48:57.690,39,,2022-07-01 13:48:57.623,,
2022-07-01 13:49:59.957,39,,2022-07-01 13:49:59.890,,
2022-07-01 13:51:01.837,39,,2022-07-01 13:51:01.767,,
2022-07-01 13:52:03.543,39,,2022-07-01 13:52:03.470,,
2022-07-01 13:53:05.410,39,,2022-07-01 13:53:05.347,,
2022-07-01 13:54:07.127,39,,2022-07-01 13:54:07.063,,
2022-07-01 13:55:09.590,39,,2022-07-01 13:55:08.987,,
2022-07-01 13:56:11.203,38,,2022-07-01 13:56:10.957,,
2022-07-01 13:57:12.787,38,,2022-07-01 13:57:12.673,,
2022-07-01 13:58:14.600,38,,2022-07-01 13:58:14.533,,
2022-07-01 13:59:16.443,38,,2022-07-01 13:59:16.330,,
2022-07-01 14:00:18.197,38,,2022-07-01 14:00:18.127,,
2022-07-01 14:01:20.153,38,,2022-07-01 14:01:20.113,,
2022-07-01 14:02:22.477,38,,2022-07-01 14:02:21.973,,
2022-07-01 14:03:24.780,38,,2022-07-01 14:03:24.723,,
2022-07-01 14:04:28.513,38,,2022-07-01 14:04:28.457,,
2022-07-01 14:05:31.367,38,,2022-07-01 14:05:31.317,,
2022-07-01 14:06:36.280,38,,2022-07-01 14:06:35.960,,
2022-07-01 14:07:38.863,38,,2022-07-01 14:07:38.787,,
2022-07-01 14:08:40.550,38,,2022-07-01 14:08:40.503,,
2022-07-01 14:09:42.870,38,,2022-07-01 14:09:42.813,,
2022-07-01 14:10:44.623,38,,2022-07-01 14:10:44.543,,
2022-07-01 14:11:46.397,38,,2022-07-01 14:11:46.340,,
2022-07-01 14:12:48.153,38,,2022-07-01 14:12:48.087,,
2022-07-01 14:13:50.543,38,,2022-07-01 14:13:50.477,,
2022-07-01 14:14:53.233,38,,2022-07-01 14:14:53.150,,
2022-07-01 14:15:55.597,38,,2022-07-01 14:15:54.993,,
2022-07-01 14:16:57.240,38,,2022-07-01 14:16:56.947,,
2022-07-01 14:17:58.817,38,,2022-07-01 14:17:58.760,,
2022-07-01 14:19:00.980,38,,2022-07-01 14:19:00.917,,
2022-07-01 14:20:03.290,38,,2022-07-01 14:20:02.963,,
2022-07-01 14:21:04.853,38,,2022-07-01 14:21:04.793,,
2022-07-01 14:22:07.717,38,,2022-07-01 14:22:07.667,,
2022-07-01 14:23:09.547,38,,2022-07-01 14:23:09.480,,
2022-07-01 14:24:11.547,38,,2022-07-01 14:24:11.480,,
2022-07-01 14:25:13.523,38,,2022-07-01 14:25:13.463,,
2022-07-01 14:26:15.747,38,,2022-07-01 14:26:15.680,,
2022-07-01 14:27:17.533,38,,2022-07-01 14:27:17.480,,
2022-07-01 14:28:19.373,38,,2022-07-01 14:28:19.307,,
2022-07-01 14:29:21.110,38,,2022-07-01 14:29:21.043,,
2022-07-01 14:30:22.840,38,,2022-07-01 14:30:22.793,,
2022-07-01 14:31:24.737,38,,2022-07-01 14:31:24.667,,
2022-07-01 14:32:26.577,37,,2022-07-01 14:32:26.527,,
2022-07-01 14:33:28.333,38,,2022-07-01 14:33:28.283,,
2022-07-01 14:34:30.497,37,,2022-07-01 14:34:29.987,,
2022-07-01 14:35:31.777,38,,2022-07-01 14:35:31.720,,
2022-07-01 14:36:33.553,37,,2022-07-01 14:36:33.487,,
2022-07-01 14:37:35.343,37,,2022-07-01 14:37:35.267,,
2022-07-01 14:38:37.690,37,,2022-07-01 14:38:37.003,,
2022-07-01 14:39:38.927,37,,2022-07-01 14:39:38.863,,
2022-07-01 14:40:40.877,37,,2022-07-01 14:40:40.800,,
2022-07-01 14:41:42.663,37,,2022-07-01 14:41:42.583,,
2022-07-01 14:42:44.443,37,,2022-07-01 14:42:44.377,,
2022-07-01 14:43:47.207,37,,2022-07-01 14:43:47.143,,
2022-07-01 14:44:49.847,37,,2022-07-01 14:44:48.970,,
2022-07-01 14:45:50.817,37,,2022-07-01 14:45:50.753,,
2022-07-01 14:46:52.777,37,,2022-07-01 14:46:52.703,,
2022-07-01 14:47:54.660,37,,2022-07-01 14:47:54.563,,
2022-07-01 14:48:56.757,37,,2022-07-01 14:48:56.673,,
2022-07-01 14:49:58.800,37,,2022-07-01 14:49:58.737,,
2022-07-01 14:51:00.630,37,,2022-07-01 14:51:00.563,,
2022-07-01 14:52:02.660,37,,2022-07-01 14:52:02.593,,
2022-07-01 14:53:05.140,37,,2022-07-01 14:53:05.097,,
2022-07-01 14:54:07.437,37,,2022-07-01 14:54:06.940,,
2022-07-01 14:55:08.800,37,,2022-07-01 14:55:08.737,,
2022-07-01 14:56:10.847,37,,2022-07-01 14:56:10.783,,
2022-07-01 14:57:12.817,37,,2022-07-01 14:57:12.753,,
2022-07-01 14:58:14.667,37,,2022-07-01 14:58:14.610,,
2022-07-01 14:59:16.537,37,,2022-07-01 14:59:16.487,,
2022-07-01 15:00:19.843,37,,2022-07-01 15:00:19.017,,
2022-07-01 15:01:20.873,37,,2022-07-01 15:01:20.817,,
2022-07-01 15:02:23.830,37,,2022-07-01 15:02:23.767,,
2022-07-01 15:03:27.400,37,,2022-07-01 15:03:26.987,,
2022-07-01 15:04:29.490,37,,2022-07-01 15:04:29.440,,
2022-07-01 15:05:32.843,37,,2022-07-01 15:05:32.020,,
2022-07-01 15:06:35.867,37,,2022-07-01 15:06:35.817,,
2022-07-01 15:07:38.277,37,,2022-07-01 15:07:38.223,,
2022-07-01 15:08:40.287,37,,2022-07-01 15:08:40.237,,
2022-07-01 15:09:42.100,37,,2022-07-01 15:09:42.037,,
2022-07-01 15:10:43.947,37,,2022-07-01 15:10:43.880,,
2022-07-01 15:11:45.793,37,,2022-07-01 15:11:45.740,,
2022-07-01 15:12:47.603,37,,2022-07-01 15:12:47.557,,
2022-07-01 15:13:50.153,37,,2022-07-01 15:13:50.103,,
2022-07-01 15:14:53.677,37,,2022-07-01 15:14:53.637,,
2022-07-01 15:15:55.607,37,,2022-07-01 15:15:55.540,,
2022-07-01 15:16:57.940,37,,2022-07-01 15:16:57.890,,
2022-07-01 15:17:59.717,37,,2022-07-01 15:17:59.657,,
2022-07-01 15:19:01.647,37,,2022-07-01 15:19:01.593,,
2022-07-01 15:20:03.427,37,,2022-07-01 15:20:03.313,,
2022-07-01 15:21:05.783,37,,2022-07-01 15:21:05.737,,
2022-07-01 15:22:07.607,37,,2022-07-01 15:22:07.547,,
2022-07-01 15:23:09.497,37,,2022-07-01 15:23:09.437,,
2022-07-01 15:24:11.293,37,,2022-07-01 15:24:11.237,,
2022-07-01 15:25:13.370,37,,2022-07-01 15:25:12.970,,
2022-07-01 15:26:14.760,37,,2022-07-01 15:26:14.690,,
2022-07-01 15:27:16.787,37,,2022-07-01 15:27:16.707,,
2022-07-01 15:28:18.553,37,,2022-07-01 15:28:18.410,,
2022-07-01 15:29:20.680,37,,2022-07-01 15:29:20.630,,
2022-07-01 15:30:22.540,37,,2022-07-01 15:30:22.460,,
2022-07-01 15:31:24.400,37,,2022-07-01 15:31:24.303,,
2022-07-01 15:32:26.170,37,,2022-07-01 15:32:26.123,,
2022-07-01 15:33:31.547,37,,2022-07-01 15:33:31.480,,
2022-07-01 15:34:33.537,37,,2022-07-01 15:34:33.473,,
2022-07-01 15:35:35.453,37,,2022-07-01 15:35:35.383,,
2022-07-01 15:36:37.603,37,,2022-07-01 15:36:37.557,,
2022-07-01 15:37:39.527,37,,2022-07-01 15:37:39.447,,
2022-07-01 15:38:41.437,37,,2022-07-01 15:38:41.383,,
2022-07-01 15:39:43.117,37,,2022-07-01 15:39:43.063,,
2022-07-01 15:40:45.120,37,,2022-07-01 15:40:45.057,,
2022-07-01 15:41:47.190,37,,2022-07-01 15:41:47.133,,
2022-07-01 15:42:48.920,36,,2022-07-01 15:42:48.853,,
2022-07-01 15:43:50.700,37,,2022-07-01 15:43:50.620,,
2022-07-01 15:44:52.467,37,,2022-07-01 15:44:52.417,,
2022-07-01 15:45:54.393,36,,2022-07-01 15:45:54.313,,
2022-07-01 15:46:56.277,37,,2022-07-01 15:46:56.203,,
2022-07-01 15:47:58.130,36,,2022-07-01 15:47:58.047,,
2022-07-01 15:49:00.203,36,,2022-07-01 15:49:00.120,,
2022-07-01 15:50:02.167,36,,2022-07-01 15:50:02.100,,
2022-07-01 15:51:04.227,37,,2022-07-01 15:51:03.957,,
2022-07-01 15:52:05.787,36,,2022-07-01 15:52:05.730,,
2022-07-01 15:53:08.983,36,,2022-07-01 15:53:08.033,,
2022-07-01 15:54:09.883,36,,2022-07-01 15:54:09.840,,
2022-07-01 15:55:11.797,36,,2022-07-01 15:55:11.733,,
2022-07-01 15:56:13.623,36,,2022-07-01 15:56:13.577,,
2022-07-01 15:57:15.500,36,,2022-07-01 15:57:15.433,,
2022-07-01 15:58:17.287,36,,2022-07-01 15:58:17.223,,
2022-07-01 15:59:19.000,36,,2022-07-01 15:59:18.950,,
2022-07-01 16:00:20.773,36,,2022-07-01 16:00:20.710,,
2022-07-01 16:01:22.753,36,,2022-07-01 16:01:22.700,,
2022-07-01 16:02:24.617,36,,2022-07-01 16:02:24.543,,
2022-07-01 16:03:27.453,36,,2022-07-01 16:03:27.403,,
2022-07-01 16:04:30.133,36,,2022-07-01 16:04:30.077,,
2022-07-01 16:05:32.507,36,,2022-07-01 16:05:32.437,,
2022-07-01 16:06:36.543,36,,2022-07-01 16:06:36.483,,
2022-07-01 16:07:39.337,36,,2022-07-01 16:07:38.967,,
2022-07-01 16:08:40.830,36,,2022-07-01 16:08:40.763,,
2022-07-01 16:09:43.893,36,,2022-07-01 16:09:42.953,,
2022-07-01 16:10:44.783,36,,2022-07-01 16:10:44.703,,
2022-07-01 16:11:46.610,36,,2022-07-01 16:11:46.547,,
2022-07-01 16:12:48.533,36,,2022-07-01 16:12:48.453,,
2022-07-01 16:13:52.440,36,,2022-07-01 16:13:52.360,,
2022-07-01 16:14:56.240,36,,2022-07-01 16:14:56.173,,
2022-07-01 16:15:58.567,36,,2022-07-01 16:15:58.517,,
2022-07-01 16:17:00.517,36,,2022-07-01 16:17:00.470,,
2022-07-01 16:18:02.323,36,,2022-07-01 16:18:02.267,,
2022-07-01 16:19:04.237,36,,2022-07-01 16:19:04.110,,
2022-07-01 16:20:06.977,36,,2022-07-01 16:20:06.033,,
2022-07-01 16:21:08.247,36,,2022-07-01 16:21:08.173,,
2022-07-01 16:22:10.520,36,,2022-07-01 16:22:10.453,,
2022-07-01 16:23:12.380,36,,2022-07-01 16:23:12.313,,
2022-07-01 16:24:14.130,36,,2022-07-01 16:24:14.047,,
2022-07-01 16:25:16.833,36,,2022-07-01 16:25:15.987,,
2022-07-01 16:26:17.780,36,,2022-07-01 16:26:17.720,,
2022-07-01 16:27:19.470,36,,2022-07-01 16:27:19.407,,
2022-07-01 16:28:21.270,36,,2022-07-01 16:28:21.207,,
2022-07-01 16:29:23.327,36,,2022-07-01 16:29:22.970,,
2022-07-01 16:30:24.770,36,,2022-07-01 16:30:24.707,,
2022-07-01 16:31:26.520,36,,2022-07-01 16:31:26.473,,
2022-07-01 16:32:28.237,36,,2022-07-01 16:32:28.177,,
2022-07-01 16:33:30.617,36,,2022-07-01 16:33:29.940,,
2022-07-01 16:34:31.930,36,,2022-07-01 16:34:31.877,,
2022-07-01 16:35:33.727,36,,2022-07-01 16:35:33.643,,
2022-07-01 16:36:35.650,36,,2022-07-01 16:36:35.520,,
2022-07-01 16:37:37.457,36,,2022-07-01 16:37:37.410,,
2022-07-01 16:38:39.287,36,,2022-07-01 16:38:39.207,,
2022-07-01 16:39:41.907,36,,2022-07-01 16:39:41.037,,
2022-07-01 16:40:42.840,36,,2022-07-01 16:40:42.770,,
2022-07-01 16:41:44.550,36,,2022-07-01 16:41:44.473,,
2022-07-01 16:42:46.253,36,,2022-07-01 16:42:46.177,,
2022-07-01 16:43:48.710,36,,2022-07-01 16:43:47.973,,
2022-07-01 16:44:50.133,36,,2022-07-01 16:44:50.067,,
2022-07-01 16:45:51.987,36,,2022-07-01 16:45:51.927,,
2022-07-01 16:46:53.790,36,,2022-07-01 16:46:53.740,,
2022-07-01 16:47:55.717,36,,2022-07-01 16:47:55.647,,
2022-07-01 16:48:57.540,36,,2022-07-01 16:48:57.477,,
2022-07-01 16:50:00.210,36,,2022-07-01 16:49:59.927,,
2022-07-01 16:51:02.217,36,,2022-07-01 16:51:01.977,,
2022-07-01 16:52:03.823,36,,2022-07-01 16:52:03.727,,
2022-07-04 13:21:35.617,63,,2022-07-04 13:21:35.550,,
2022-07-04 13:22:37.473,86,,2022-07-04 13:22:37.427,,
2022-07-04 13:23:39.250,105,,2022-07-04 13:23:39.177,,
2022-07-04 13:24:41.700,122,,2022-07-04 13:24:40.990,,
2022-07-04 13:25:43.977,136,,2022-07-04 13:25:43.053,,
2022-07-04 13:26:45.943,149,,2022-07-04 13:26:45.880,,
2022-07-04 13:27:47.750,162,,2022-07-04 13:27:47.677,,
2022-07-04 13:28:49.460,173,,2022-07-04 13:28:49.397,,
2022-07-04 13:29:51.187,183,,2022-07-04 13:29:51.130,,
2022-07-04 13:30:52.993,192,,2022-07-04 13:30:52.867,,
2022-07-04 13:31:54.910,196,,2022-07-04 13:31:54.837,,
2022-07-04 13:32:56.697,198,,2022-07-04 13:32:56.617,,
2022-07-04 13:33:58.460,199,,2022-07-04 13:33:58.367,,
2022-07-04 13:35:00.983,200,,2022-07-04 13:35:00.913,,
2022-07-04 13:36:02.793,200,,2022-07-04 13:36:02.727,,
2022-07-04 13:37:04.693,200,,2022-07-04 13:37:04.650,,
2022-07-04 13:38:06.607,200,,2022-07-04 13:38:06.507,,
2022-07-04 13:39:08.610,199,,2022-07-04 13:39:08.557,,
2022-07-04 13:40:10.790,200,,2022-07-04 13:40:10.727,,
2022-07-04 13:41:12.590,200,,2022-07-04 13:41:12.523,,
2022-07-04 13:42:14.937,198,,2022-07-04 13:42:14.807,,
2022-07-04 13:43:16.670,182,,2022-07-04 13:43:16.603,,
2022-07-04 13:44:18.467,170,,2022-07-04 13:44:18.383,,
2022-07-04 13:45:20.403,169,,2022-07-04 13:45:20.337,,
2022-07-04 13:46:22.373,187,,2022-07-04 13:46:22.327,,
2022-07-04 13:47:24.233,199,,2022-07-04 13:47:24.173,,
2022-07-04 13:48:26.207,204,,2022-07-04 13:48:26.143,,
2022-07-04 13:49:28.347,203,,2022-07-04 13:49:28.283,,
2022-07-04 13:50:30.913,203,,2022-07-04 13:50:30.033,,
2022-07-04 13:51:31.943,202,,2022-07-04 13:51:31.877,,
2022-07-04 13:52:34.860,201,,2022-07-04 13:52:33.893,,
2022-07-04 13:53:35.957,201,,2022-07-04 13:53:35.877,,
2022-07-04 13:54:37.747,201,,2022-07-04 13:54:37.673,,
2022-07-04 13:55:39.483,200,,2022-07-04 13:55:39.427,,
2022-07-04 13:56:41.507,200,,2022-07-04 13:56:41.440,,
2022-07-04 13:57:44.540,200,,2022-07-04 13:57:44.487,,
2022-07-04 13:58:46.287,200,,2022-07-04 13:58:46.223,,
2022-07-04 13:59:48.227,200,,2022-07-04 13:59:48.177,,
2022-07-04 14:00:50.103,200,,2022-07-04 14:00:50.053,,
2022-07-04 14:01:52.580,201,,2022-07-04 14:01:52.520,,
2022-07-04 14:02:55.507,200,,2022-07-04 14:02:55.427,,
2022-07-04 14:03:57.260,200,,2022-07-04 14:03:57.193,,
2022-07-04 14:04:59.767,200,,2022-07-04 14:04:59.710,,
2022-07-04 14:06:02.167,200,,2022-07-04 14:06:02.117,,
2022-07-04 14:07:04.647,200,,2022-07-04 14:07:04.583,,
2022-07-04 14:08:07.243,199,,2022-07-04 14:08:07.177,,
2022-07-04 14:09:09.840,199,,2022-07-04 14:09:09.787,,
2022-07-04 14:10:14.877,200,,2022-07-04 14:10:14.803,,
2022-07-04 14:11:17.510,199,,2022-07-04 14:11:17.430,,
2022-07-04 14:12:19.853,199,,2022-07-04 14:12:19.813,,
2022-07-04 14:13:21.580,200,,2022-07-04 14:13:21.517,,
2022-07-04 14:14:23.503,200,,2022-07-04 14:14:23.437,,
2022-07-04 14:15:26.363,200,,2022-07-04 14:15:25.983,,
2022-07-04 14:16:27.787,199,,2022-07-04 14:16:27.737,,
2022-07-04 14:17:29.863,199,,2022-07-04 14:17:29.813,,
2022-07-04 14:18:32.670,200,,2022-07-04 14:18:32.000,,
2022-07-04 14:19:33.910,200,,2022-07-04 14:19:33.860,,
2022-07-04 14:20:35.937,200,,2022-07-04 14:20:35.877,,
2022-07-04 14:21:37.763,199,,2022-07-04 14:21:37.707,,
2022-07-04 14:22:39.447,200,,2022-07-04 14:22:39.393,,
2022-07-04 14:23:41.300,200,,2022-07-04 14:23:41.237,,
2022-07-04 14:24:43.937,190,,2022-07-04 14:24:43.033,,
2022-07-04 14:25:44.850,189,,2022-07-04 14:25:44.783,,
2022-07-04 14:26:46.697,202,,2022-07-04 14:26:46.630,,
2022-07-04 14:27:48.467,204,,2022-07-04 14:27:48.410,,
2022-07-04 14:28:50.180,203,,2022-07-04 14:28:50.130,,
2022-07-04 14:29:51.940,202,,2022-07-04 14:29:51.880,,
2022-07-04 14:30:53.867,201,,2022-07-04 14:30:53.770,,
2022-07-04 14:31:55.653,200,,2022-07-04 14:31:55.583,,
2022-07-04 14:32:57.540,200,,2022-07-04 14:32:57.490,,
2022-07-04 14:33:59.307,199,,2022-07-04 14:33:59.240,,
2022-07-04 14:35:01.493,200,,2022-07-04 14:35:01.427,,
2022-07-04 14:36:03.973,200,,2022-07-04 14:36:03.867,,
2022-07-04 14:37:06.147,199,,2022-07-04 14:37:06.053,,
2022-07-04 14:38:07.997,199,,2022-07-04 14:38:07.930,,
2022-07-04 14:39:09.823,199,,2022-07-04 14:39:09.743,,
2022-07-04 14:40:12.270,199,,2022-07-04 14:40:11.977,,
2022-07-04 14:41:13.830,199,,2022-07-04 14:41:13.773,,
2022-07-04 14:42:15.587,199,,2022-07-04 14:42:15.523,,
2022-07-04 14:43:17.340,199,,2022-07-04 14:43:17.287,,
2022-07-04 14:44:19.307,199,,2022-07-04 14:44:19.240,,
2022-07-04 14:45:21.180,200,,2022-07-04 14:45:21.133,,
2022-07-04 14:46:23.570,199,,2022-07-04 14:46:22.927,,
2022-07-04 14:47:24.923,200,,2022-07-04 14:47:24.867,,
2022-07-04 14:48:26.807,200,,2022-07-04 14:48:26.740,,
2022-07-04 14:49:28.777,200,,2022-07-04 14:49:28.710,,
2022-07-04 14:50:30.553,199,,2022-07-04 14:50:30.507,,
2022-07-04 14:51:32.527,200,,2022-07-04 14:51:32.463,,
2022-07-04 14:52:34.433,201,,2022-07-04 14:52:34.383,,
2022-07-04 14:53:36.377,200,,2022-07-04 14:53:36.323,,
2022-07-04 14:54:38.137,200,,2022-07-04 14:54:38.073,,
2022-07-04 14:55:40.667,199,,2022-07-04 14:55:39.933,,
2022-07-04 14:56:41.927,199,,2022-07-04 14:56:41.870,,
2022-07-04 14:57:43.677,199,,2022-07-04 14:57:43.603,,
2022-07-04 14:58:45.523,199,,2022-07-04 14:58:45.463,,
2022-07-04 14:59:47.480,199,,2022-07-04 14:59:47.353,,
2022-07-04 15:00:49.470,199,,2022-07-04 15:00:49.417,,
2022-07-04 15:01:51.790,199,,2022-07-04 15:01:51.713,,
2022-07-04 15:02:54.170,200,,2022-07-04 15:02:54.107,,
2022-07-04 15:03:56.407,200,,2022-07-04 15:03:56.357,,
2022-07-04 15:04:58.343,200,,2022-07-04 15:04:58.263,,
2022-07-04 15:06:00.967,200,,2022-07-04 15:06:00.903,,
2022-07-04 15:07:03.400,201,,2022-07-04 15:07:03.310,,
2022-07-04 15:08:06.243,200,,2022-07-04 15:08:06.183,,
2022-07-04 15:09:10.367,200,,2022-07-04 15:09:10.310,,
2022-07-04 15:10:12.780,200,,2022-07-04 15:10:12.717,,
2022-07-04 15:11:15.657,200,,2022-07-04 15:11:15.607,,
2022-07-04 15:12:17.673,199,,2022-07-04 15:12:17.603,,
2022-07-04 15:13:19.553,199,,2022-07-04 15:13:19.493,,
2022-07-04 15:14:21.453,199,,2022-07-04 15:14:21.400,,
2022-07-04 15:15:24.240,200,,2022-07-04 15:15:24.183,,
2022-07-04 15:16:26.153,199,,2022-07-04 15:16:26.087,,
2022-07-04 15:17:27.940,199,,2022-07-04 15:17:27.887,,
2022-07-04 15:18:32.123,199,,2022-07-04 15:18:31.887,,
2022-07-04 15:19:33.860,199,,2022-07-04 15:19:33.807,,
2022-07-04 15:20:35.623,199,,2022-07-04 15:20:35.557,,
2022-07-04 15:21:37.637,200,,2022-07-04 15:21:37.557,,
2022-07-04 15:22:39.593,200,,2022-07-04 15:22:39.497,,
2022-07-04 15:23:41.983,199,,2022-07-04 15:23:41.900,,
2022-07-04 15:24:44.450,200,,2022-07-04 15:24:43.963,,
2022-07-04 15:25:46.427,200,,2022-07-04 15:25:45.997,,
2022-07-04 15:26:47.917,199,,2022-07-04 15:26:47.857,,
2022-07-04 15:27:50.243,199,,2022-07-04 15:27:49.967,,
2022-07-04 15:28:52.160,199,,2022-07-04 15:28:52.107,,
2022-07-04 15:29:54.110,199,,2022-07-04 15:29:54.043,,
2022-07-04 15:30:56.130,200,,2022-07-04 15:30:55.937,,
2022-07-04 15:31:58.157,200,,2022-07-04 15:31:58.077,,
2022-07-04 15:33:00.377,200,,2022-07-04 15:33:00.310,,
2022-07-04 15:34:02.213,200,,2022-07-04 15:34:02.150,,
2022-07-04 15:35:04.283,201,,2022-07-04 15:35:04.227,,
2022-07-04 15:36:06.870,200,,2022-07-04 15:36:06.023,,
2022-07-04 15:37:07.807,199,,2022-07-04 15:37:07.727,,
2022-07-04 15:38:09.490,192,,2022-07-04 15:38:09.430,,
2022-07-04 15:39:11.590,178,,2022-07-04 15:39:11.527,,
2022-07-04 15:40:13.497,168,,2022-07-04 15:40:13.447,,
2022-07-04 15:41:15.230,160,,2022-07-04 15:41:15.183,,
2022-07-04 15:42:17.703,154,,2022-07-04 15:42:17.653,,
2022-07-04 15:43:19.457,149,,2022-07-04 15:43:19.387,,
2022-07-04 15:44:21.353,144,,2022-07-04 15:44:21.293,,
2022-07-04 15:45:23.177,140,,2022-07-04 15:45:23.113,,
2022-07-04 15:46:24.927,136,,2022-07-04 15:46:24.863,,
2022-07-04 15:47:26.757,133,,2022-07-04 15:47:26.693,,
2022-07-04 15:48:28.543,129,,2022-07-04 15:48:28.490,,
2022-07-04 15:49:30.413,126,,2022-07-04 15:49:30.333,,
2022-07-04 15:50:32.147,123,,2022-07-04 15:50:32.083,,
2022-07-04 15:51:34.327,121,,2022-07-04 15:51:33.973,,
2022-07-04 15:52:35.937,118,,2022-07-04 15:52:35.880,,
2022-07-04 15:53:37.897,116,,2022-07-04 15:53:37.837,,
2022-07-04 15:54:39.727,114,,2022-07-04 15:54:39.647,,
2022-07-04 15:55:42.353,111,,2022-07-04 15:55:42.287,,
2022-07-04 15:56:44.167,109,,2022-07-04 15:56:44.117,,
2022-07-04 15:57:46.323,107,,2022-07-04 15:57:46.257,,
2022-07-04 15:58:48.127,105,,2022-07-04 15:58:48.070,,
2022-07-04 15:59:49.857,104,,2022-07-04 15:59:49.807,,
2022-07-04 16:00:51.823,102,,2022-07-04 16:00:51.760,,
2022-07-04 16:01:54.133,100,,2022-07-04 16:01:54.087,,
2022-07-04 16:02:56.503,99,,2022-07-04 16:02:56.447,,
2022-07-04 16:03:58.873,97,,2022-07-04 16:03:58.823,,
2022-07-04 16:05:00.640,96,,2022-07-04 16:05:00.603,,
2022-07-04 16:06:04.857,94,,2022-07-04 16:06:04.777,,
2022-07-04 16:07:08.337,93,,2022-07-04 16:07:08.290,,
2022-07-04 16:08:12.617,91,,2022-07-04 16:08:12.010,,
2022-07-04 16:09:15.607,90,,2022-07-04 16:09:15.543,,
2022-07-04 16:10:21.107,89,,2022-07-04 16:10:21.057,,
2022-07-04 16:11:24.937,87,,2022-07-04 16:11:24.870,,
2022-07-04 16:12:28.410,86,,2022-07-04 16:12:28.343,,
2022-07-04 16:13:30.297,85,,2022-07-04 16:13:30.233,,
2022-07-04 16:14:32.330,84,,2022-07-04 16:14:31.967,,
2022-07-04 16:15:34.623,83,,2022-07-04 16:15:34.560,,
2022-07-04 16:16:36.690,82,,2022-07-04 16:16:36.627,,
2022-07-04 16:17:39.473,81,,2022-07-04 16:17:38.863,,
2022-07-04 16:18:40.817,80,,2022-07-04 16:18:40.753,,
2022-07-04 16:19:42.707,79,,2022-07-04 16:19:42.643,,
2022-07-04 16:20:44.653,78,,2022-07-04 16:20:44.597,,
2022-07-04 16:21:46.380,77,,2022-07-04 16:21:46.317,,
2022-07-04 16:22:48.143,77,,2022-07-04 16:22:48.077,,
2022-07-04 16:23:50.173,76,,2022-07-04 16:23:50.043,,
2022-07-04 16:24:51.933,75,,2022-07-04 16:24:51.883,,
2022-07-04 16:25:53.753,74,,2022-07-04 16:25:53.693,,
2022-07-04 16:26:55.523,73,,2022-07-04 16:26:55.473,,
2022-07-04 16:27:57.320,73,,2022-07-04 16:27:57.240,,
2022-07-04 16:28:59.490,72,,2022-07-04 16:28:59.363,,
2022-07-04 16:30:01.297,71,,2022-07-04 16:30:01.223,,
2022-07-04 16:31:03.100,70,,2022-07-04 16:31:03.050,,
2022-07-04 16:32:05.537,70,,2022-07-04 16:32:04.973,,
2022-07-04 16:33:06.990,69,,2022-07-04 16:33:06.927,,
2022-07-04 16:34:08.987,68,,2022-07-04 16:34:08.927,,
2022-07-04 16:35:11.613,68,,2022-07-04 16:35:11.567,,
2022-07-04 16:36:13.790,67,,2022-07-04 16:36:13.720,,
2022-07-04 16:37:15.690,67,,2022-07-04 16:37:15.613,,
2022-07-04 16:38:17.770,66,,2022-07-04 16:38:17.627,,
2022-07-04 16:39:19.550,66,,2022-07-04 16:39:19.470,,
2022-07-04 16:40:21.360,65,,2022-07-04 16:40:21.283,,
2022-07-04 16:41:23.220,64,,2022-07-04 16:41:23.173,,
2022-07-04 16:42:25.987,64,,2022-07-04 16:42:25.927,,
2022-07-04 16:43:27.713,63,,2022-07-04 16:43:27.647,,
2022-07-04 16:44:30.297,63,,2022-07-04 16:44:30.227,,
2022-07-04 16:45:32.557,62,,2022-07-04 16:45:32.490,,
2022-07-04 16:46:34.307,62,,2022-07-04 16:46:34.233,,
2022-07-04 16:47:36.267,61,,2022-07-04 16:47:36.187,,
2022-07-04 16:48:38.343,61,,2022-07-04 16:48:37.983,,
2022-07-04 16:49:39.767,60,,2022-07-04 16:49:39.703,,
2022-07-04 16:50:41.577,60,,2022-07-04 16:50:41.527,,
2022-07-04 16:51:43.583,59,,2022-07-04 16:51:43.513,,
2022-07-04 16:52:45.450,59,,2022-07-04 16:52:45.387,,
2022-07-04 16:53:47.517,59,,2022-07-04 16:53:47.473,,
2022-07-04 16:54:49.343,58,,2022-07-04 16:54:49.257,,
2022-07-04 16:55:51.133,58,,2022-07-04 16:55:51.067,,
2022-07-04 16:56:53.123,58,,2022-07-04 16:56:52.980,,
2022-07-04 16:57:54.883,57,,2022-07-04 16:57:54.833,,
2022-07-04 16:58:56.640,57,,2022-07-04 16:58:56.580,,
2022-07-04 16:59:58.567,57,,2022-07-04 16:59:58.500,,
2022-07-04 17:01:00.370,56,,2022-07-04 17:01:00.330,,
2022-07-04 17:02:02.217,56,,2022-07-04 17:02:02.150,,
2022-07-04 17:03:04.727,56,,2022-07-04 17:03:04.667,,
2022-07-04 17:04:07.207,55,,2022-07-04 17:04:07.153,,
2022-07-04 17:05:10.823,55,,2022-07-04 17:05:10.740,,
2022-07-04 17:06:13.577,54,,2022-07-04 17:06:13.403,,
2022-07-04 17:07:16.770,54,,2022-07-04 17:07:16.693,,
2022-07-04 17:08:19.680,54,,2022-07-04 17:08:19.620,,
2022-07-04 17:09:25.970,56,,2022-07-04 17:09:25.857,,
2022-07-04 17:10:28.810,78,,2022-07-04 17:10:28.747,,
2022-07-04 17:11:31.820,75,,2022-07-04 17:11:31.743,,
2022-07-04 17:12:35.477,70,,2022-07-04 17:12:35.410,,
2022-07-04 17:13:38.353,67,,2022-07-04 17:13:38.260,,
2022-07-04 17:14:40.600,65,,2022-07-04 17:14:40.543,,
2022-07-04 17:15:43.370,64,,2022-07-04 17:15:43.310,,
2022-07-04 17:16:45.200,63,,2022-07-04 17:16:45.153,,
2022-07-04 17:17:47.117,62,,2022-07-04 17:17:47.043,,
2022-07-04 17:18:49.847,61,,2022-07-04 17:18:49.020,,
2022-07-04 17:19:50.817,61,,2022-07-04 17:19:50.747,,
2022-07-04 17:20:52.527,60,,2022-07-04 17:20:52.480,,
